"case_id";"date";"action";"description";"user"
"5c9706c0-4e66-4bf9-baee-b1425564312a";2025-03-11T10:44:30+01:00;"view";"View case";"Edmond Szabo"
"5c9706c0-4e66-4bf9-baee-b1425564312a";2025-03-11T10:44:29+01:00;"view";"View case";"Edmond Szabo"
"5c9706c0-4e66-4bf9-baee-b1425564312a";2025-03-11T10:44:28+01:00;"view";"View case";"Edmond Szabo"
"5c9706c0-4e66-4bf9-baee-b1425564312a";2025-03-05T08:17:19+01:00;"view";"View case";"Daniel Szenasi"
"5c9706c0-4e66-4bf9-baee-b1425564312a";2025-03-05T08:17:14+01:00;"view";"View case";"Daniel Szenasi"
"5c9706c0-4e66-4bf9-baee-b1425564312a";2025-03-05T08:15:37+01:00;"delete";"Delete Report";"Daniel Szenasi"
"5c9706c0-4e66-4bf9-baee-b1425564312a";2025-03-05T08:15:29+01:00;"view";"View case";"Daniel Szenasi"
"5c9706c0-4e66-4bf9-baee-b1425564312a";2025-03-05T08:14:46+01:00;"view";"View case";"Daniel Szenasi"
"5c9706c0-4e66-4bf9-baee-b1425564312a";2025-03-05T08:14:24+01:00;"delete";"Delete Report";"Daniel Szenasi"
"5c9706c0-4e66-4bf9-baee-b1425564312a";2025-03-05T08:14:18+01:00;"view";"View case";"Daniel Szenasi"
"5c9706c0-4e66-4bf9-baee-b1425564312a";2025-03-05T08:13:44+01:00;"view";"View case";"Daniel Szenasi"
"5c9706c0-4e66-4bf9-baee-b1425564312a";2025-03-04T08:36:23+01:00;"view";"View case";"Akos Sereg"
"5c9706c0-4e66-4bf9-baee-b1425564312a";2025-03-04T08:36:14+01:00;"view";"View case";"Akos Sereg"
"5c9706c0-4e66-4bf9-baee-b1425564312a";2025-03-04T08:35:55+01:00;"delete-note";"hello world";"Akos Sereg"
"5c9706c0-4e66-4bf9-baee-b1425564312a";2025-03-04T08:35:46+01:00;"add-note";"hello world";"Akos Sereg"
"5c9706c0-4e66-4bf9-baee-b1425564312a";2025-03-04T08:35:23+01:00;"view";"View case";"Akos Sereg"
"5c9706c0-4e66-4bf9-baee-b1425564312a";2025-03-04T08:35:20+01:00;"update";"Update case status";"Akos Sereg"
"5c9706c0-4e66-4bf9-baee-b1425564312a";2025-03-04T08:35:13+01:00;"checklist";"Checked Assess the customer's transaction history and profile.";"Akos Sereg"
"5c9706c0-4e66-4bf9-baee-b1425564312a";2025-03-04T08:35:12+01:00;"checklist";"Checked Review the details of the large transaction.";"Akos Sereg"
"5c9706c0-4e66-4bf9-baee-b1425564312a";2025-03-04T08:35:09+01:00;"view";"View case";"Akos Sereg"
"5c9706c0-4e66-4bf9-baee-b1425564312a";2025-03-03T15:51:14+01:00;"view";"View case";"Akos Sereg"
"5c9706c0-4e66-4bf9-baee-b1425564312a";2025-02-28T11:18:32+01:00;"view";"View case";"Daniel Szenasi"
"5c9706c0-4e66-4bf9-baee-b1425564312a";2025-02-28T11:16:29+01:00;"view";"View case";"Daniel Szenasi"
"5c9706c0-4e66-4bf9-baee-b1425564312a";2025-02-28T11:14:05+01:00;"view";"View case";"Daniel Szenasi"
"5c9706c0-4e66-4bf9-baee-b1425564312a";2025-02-28T11:12:05+01:00;"view";"View case";"Daniel Szenasi"
"5c9706c0-4e66-4bf9-baee-b1425564312a";2025-02-27T14:45:21+01:00;"view";"View case";"Daniel Szenasi"
"5c9706c0-4e66-4bf9-baee-b1425564312a";2025-02-27T14:02:49+01:00;"view";"View case";"Daniel Szenasi"
"5c9706c0-4e66-4bf9-baee-b1425564312a";2025-02-27T11:59:42+01:00;"view";"View case";"Daniel Szenasi"
"5c9706c0-4e66-4bf9-baee-b1425564312a";2025-02-27T11:57:52+01:00;"view";"View case";"Daniel Szenasi"
"5c9706c0-4e66-4bf9-baee-b1425564312a";2025-02-27T11:57:06+01:00;"view";"View case";"Daniel Szenasi"
"5c9706c0-4e66-4bf9-baee-b1425564312a";2025-02-27T10:29:06+01:00;"view";"View case";"Daniel Szenasi"
"5c9706c0-4e66-4bf9-baee-b1425564312a";2025-02-27T10:28:32+01:00;"view";"View case";"Daniel Szenasi"
"5c9706c0-4e66-4bf9-baee-b1425564312a";2025-02-26T15:31:13+01:00;"view";"View case";"Daniel Szenasi"
"5c9706c0-4e66-4bf9-baee-b1425564312a";2025-02-26T15:03:45+01:00;"view";"View case";"Daniel Szenasi"
"5c9706c0-4e66-4bf9-baee-b1425564312a";2025-02-26T14:33:39+01:00;"view";"View case";
"5c9706c0-4e66-4bf9-baee-b1425564312a";2025-02-26T10:41:56+01:00;"view";"View case";"Daniel Szenasi"
"5c9706c0-4e66-4bf9-baee-b1425564312a";2025-02-26T09:45:22+01:00;"view";"View case";"Daniel Szenasi"
"5c9706c0-4e66-4bf9-baee-b1425564312a";2025-02-26T09:14:15+01:00;"view";"View case";"Daniel Szenasi"
"5c9706c0-4e66-4bf9-baee-b1425564312a";2025-02-26T08:45:59+01:00;"view";"View case";"Daniel Szenasi"
"5c9706c0-4e66-4bf9-baee-b1425564312a";2025-02-25T15:43:56+01:00;"view";"View case";"Daniel Szenasi"
"5c9706c0-4e66-4bf9-baee-b1425564312a";2025-02-25T15:43:55+01:00;"view";"View case";"Daniel Szenasi"
"5c9706c0-4e66-4bf9-baee-b1425564312a";2025-02-25T15:30:56+01:00;"view";"View case";"Akos Sereg"
"5c9706c0-4e66-4bf9-baee-b1425564312a";2025-02-25T15:25:48+01:00;"view";"View case";"Daniel Szenasi"
"5c9706c0-4e66-4bf9-baee-b1425564312a";2025-02-25T15:24:26+01:00;"view";"View case";"Daniel Szenasi"
"5c9706c0-4e66-4bf9-baee-b1425564312a";2025-02-25T15:23:42+01:00;"view";"View case";"Daniel Szenasi"
"5c9706c0-4e66-4bf9-baee-b1425564312a";2025-02-25T15:22:05+01:00;"view";"View case";"Bence Boros mr. Context"
"5c9706c0-4e66-4bf9-baee-b1425564312a";2025-02-25T15:01:23+01:00;"view";"View case";"Daniel Szenasi"
"5c9706c0-4e66-4bf9-baee-b1425564312a";2025-02-25T14:59:43+01:00;"view";"View case";"Daniel Szenasi"
"5c9706c0-4e66-4bf9-baee-b1425564312a";2025-02-25T14:58:56+01:00;"view";"View case";"Daniel Szenasi"
"5c9706c0-4e66-4bf9-baee-b1425564312a";2025-02-25T14:57:28+01:00;"view";"View case";"Daniel Szenasi"
"5c9706c0-4e66-4bf9-baee-b1425564312a";2025-02-25T14:57:09+01:00;"view";"View case";"Daniel Szenasi"
"5c9706c0-4e66-4bf9-baee-b1425564312a";2025-02-25T14:54:43+01:00;"view";"View case";"Daniel Szenasi"
"5c9706c0-4e66-4bf9-baee-b1425564312a";2025-02-25T14:52:48+01:00;"view";"View case";"Daniel Szenasi"
"5c9706c0-4e66-4bf9-baee-b1425564312a";2025-02-25T14:27:11+01:00;"add-note";"Note";"Zsofia Abraham"
"5c9706c0-4e66-4bf9-baee-b1425564312a";2025-02-25T14:27:01+01:00;"view";"View case";"Zsofia Abraham"
"5c9706c0-4e66-4bf9-baee-b1425564312a";2025-02-25T14:26:56+01:00;"view";"View case";"Zsofia Abraham"
"5c9706c0-4e66-4bf9-baee-b1425564312a";2025-02-25T13:23:14+01:00;"view";"View case";"Daniel Szenasi"
"5c9706c0-4e66-4bf9-baee-b1425564312a";2025-02-25T13:22:26+01:00;"view";"View case";"Akos Sereg"
"5c9706c0-4e66-4bf9-baee-b1425564312a";2025-02-25T13:22:19+01:00;"update";"Link transactions";"Akos Sereg"
"5c9706c0-4e66-4bf9-baee-b1425564312a";2025-02-25T13:22:02+01:00;"view";"View case";"Akos Sereg"
"5c9706c0-4e66-4bf9-baee-b1425564312a";2025-02-25T13:20:14+01:00;"view";"View case";"Daniel Szenasi"
"5c9706c0-4e66-4bf9-baee-b1425564312a";2025-02-25T13:14:34+01:00;"view";"View case";"Daniel Szenasi"
"5c9706c0-4e66-4bf9-baee-b1425564312a";2025-02-25T13:14:07+01:00;"view";"View case";"Daniel Szenasi"
"5c9706c0-4e66-4bf9-baee-b1425564312a";2025-02-25T13:13:19+01:00;"view";"View case";"Daniel Szenasi"
"5c9706c0-4e66-4bf9-baee-b1425564312a";2025-02-25T13:12:12+01:00;"view";"View case";"Daniel Szenasi"
"5c9706c0-4e66-4bf9-baee-b1425564312a";2025-02-25T13:10:04+01:00;"view";"View case";"Daniel Szenasi"
"5c9706c0-4e66-4bf9-baee-b1425564312a";2025-02-25T13:09:39+01:00;"view";"View case";"Daniel Szenasi"
"5c9706c0-4e66-4bf9-baee-b1425564312a";2025-02-25T13:09:25+01:00;"view";"View case";"Daniel Szenasi"
"5c9706c0-4e66-4bf9-baee-b1425564312a";2025-02-25T13:06:23+01:00;"view";"View case";"Milos Bilic"
"5c9706c0-4e66-4bf9-baee-b1425564312a";2025-02-25T13:01:52+01:00;"view";"View case";"Peter Dobosi c3"
"5c9706c0-4e66-4bf9-baee-b1425564312a";2025-02-25T12:59:36+01:00;"view";"View case";"Zsofia Abraham"
"5c9706c0-4e66-4bf9-baee-b1425564312a";2025-02-25T12:58:12+01:00;"view";"View case";"Daniel Szenasi"
"5c9706c0-4e66-4bf9-baee-b1425564312a";2025-02-25T09:25:48+01:00;"view";"View case";"Daniel Szenasi"
"5c9706c0-4e66-4bf9-baee-b1425564312a";2025-02-24T14:51:48+01:00;"view";"View case";"Daniel Szenasi"
"5c9706c0-4e66-4bf9-baee-b1425564312a";2025-02-24T11:01:31+01:00;"view";"View case";"Daniel Szenasi"
"5c9706c0-4e66-4bf9-baee-b1425564312a";2025-02-24T09:46:03+01:00;"view";"View case";"Daniel Szenasi"
"5c9706c0-4e66-4bf9-baee-b1425564312a";2025-02-24T08:57:14+01:00;"view";"View case";"Daniel Szenasi"
"5c9706c0-4e66-4bf9-baee-b1425564312a";2025-02-24T08:40:53+01:00;"view";"View case";"Daniel Szenasi"
"5c9706c0-4e66-4bf9-baee-b1425564312a";2025-02-23T16:40:37+01:00;"view";"View case";"Daniel Szenasi"
"5c9706c0-4e66-4bf9-baee-b1425564312a";2025-02-23T13:25:40+01:00;"view";"View case";"Daniel Szenasi"
"5c9706c0-4e66-4bf9-baee-b1425564312a";2025-02-23T13:24:26+01:00;"view";"View case";"Daniel Szenasi"
"5c9706c0-4e66-4bf9-baee-b1425564312a";2025-02-23T13:24:20+01:00;"view";"View case";"Daniel Szenasi"
"5c9706c0-4e66-4bf9-baee-b1425564312a";2025-02-23T13:17:18+01:00;"view";"View case";"Daniel Szenasi"
"5c9706c0-4e66-4bf9-baee-b1425564312a";2025-02-23T13:17:11+01:00;"view";"View case";"Daniel Szenasi"
"5c9706c0-4e66-4bf9-baee-b1425564312a";2025-02-23T13:16:57+01:00;"view";"View case";"Daniel Szenasi"
"5c9706c0-4e66-4bf9-baee-b1425564312a";2025-02-23T12:54:46+01:00;"view";"View case";"Daniel Szenasi"
"5c9706c0-4e66-4bf9-baee-b1425564312a";2025-02-23T12:20:39+01:00;"view";"View case";"Daniel Szenasi"
"5c9706c0-4e66-4bf9-baee-b1425564312a";2025-02-23T12:18:07+01:00;"view";"View case";"Daniel Szenasi"
"5c9706c0-4e66-4bf9-baee-b1425564312a";2025-02-23T12:16:40+01:00;"view";"View case";"Daniel Szenasi"
"5c9706c0-4e66-4bf9-baee-b1425564312a";2025-02-23T12:12:56+01:00;"view";"View case";"Daniel Szenasi"
"5c9706c0-4e66-4bf9-baee-b1425564312a";2025-02-23T12:12:20+01:00;"view";"View case";"Daniel Szenasi"
"5c9706c0-4e66-4bf9-baee-b1425564312a";2025-02-23T12:06:52+01:00;"view";"View case";"Daniel Szenasi"
"5c9706c0-4e66-4bf9-baee-b1425564312a";2025-02-23T12:05:26+01:00;"view";"View case";"Daniel Szenasi"
"5c9706c0-4e66-4bf9-baee-b1425564312a";2025-02-23T12:04:50+01:00;"view";"View case";"Daniel Szenasi"
"5c9706c0-4e66-4bf9-baee-b1425564312a";2025-02-23T11:46:09+01:00;"view";"View case";"Daniel Szenasi"
"5c9706c0-4e66-4bf9-baee-b1425564312a";2025-02-23T11:40:59+01:00;"view";"View case";"Daniel Szenasi"
"5c9706c0-4e66-4bf9-baee-b1425564312a";2025-02-23T10:29:54+01:00;"view";"View case";"Daniel Szenasi"
"5c9706c0-4e66-4bf9-baee-b1425564312a";2025-02-23T10:29:52+01:00;"view";"View case";"Daniel Szenasi"
"5c9706c0-4e66-4bf9-baee-b1425564312a";2025-02-23T10:29:43+01:00;"view";"View case";"Daniel Szenasi"
"5c9706c0-4e66-4bf9-baee-b1425564312a";2025-02-23T10:04:45+01:00;"view";"View case";"Daniel Szenasi"
"5c9706c0-4e66-4bf9-baee-b1425564312a";2025-02-23T09:58:38+01:00;"view";"View case";"Daniel Szenasi"
"5c9706c0-4e66-4bf9-baee-b1425564312a";2025-02-23T09:53:15+01:00;"view";"View case";"Daniel Szenasi"
"5c9706c0-4e66-4bf9-baee-b1425564312a";2025-02-23T09:53:10+01:00;"create";"Create case";"Daniel Szenasi"
