"case_id";"date";"action";"description";"user"
"961bcf21-6f33-4e9f-a6bb-35d30fde1751";2025-03-04T09:04:39+01:00;"view";"View case";"Zsofia Abraham"
"961bcf21-6f33-4e9f-a6bb-35d30fde1751";2025-02-25T15:46:55+01:00;"view";"View case";"Daniel Szenasi"
"961bcf21-6f33-4e9f-a6bb-35d30fde1751";2025-02-25T14:38:13+01:00;"view";"View case";"Daniel Szenasi"
"961bcf21-6f33-4e9f-a6bb-35d30fde1751";2025-02-25T10:53:03+01:00;"view";"View case";"Bence Boros mr. Context"
"961bcf21-6f33-4e9f-a6bb-35d30fde1751";2025-02-25T07:39:36+01:00;"view";"View case";"Bence Boros mr. Context"
"961bcf21-6f33-4e9f-a6bb-35d30fde1751";2025-02-24T20:03:06+01:00;"view";"View case";"Bence Boros mr. Context"
"961bcf21-6f33-4e9f-a6bb-35d30fde1751";2025-02-24T20:01:37+01:00;"view";"View case";"Bence Boros mr. Context"
"961bcf21-6f33-4e9f-a6bb-35d30fde1751";2025-02-24T17:35:51+01:00;"view";"View case";"Bence Boros mr. Context"
"961bcf21-6f33-4e9f-a6bb-35d30fde1751";2025-02-24T09:43:22+01:00;"view";"View case";"Bence Boros mr. Context"
"961bcf21-6f33-4e9f-a6bb-35d30fde1751";2025-02-21T17:40:13+01:00;"view";"View case";"Bence Boros mr. Context"
"961bcf21-6f33-4e9f-a6bb-35d30fde1751";2025-02-21T17:10:43+01:00;"view";"View case";"Bence Boros mr. Context"
"961bcf21-6f33-4e9f-a6bb-35d30fde1751";2025-02-21T09:01:30+01:00;"view";"View case";"Daniel Szenasi"
"961bcf21-6f33-4e9f-a6bb-35d30fde1751";2025-02-20T13:45:27+01:00;"view";"View case";"Akos Sereg"
"961bcf21-6f33-4e9f-a6bb-35d30fde1751";2025-02-19T09:52:04+01:00;"view";"View case";"Bence Boros mr. Context"
