"case_id";"date";"action";"description";"user"
"ca0b68e5-f087-4213-a42f-7ffde661b5b4";2025-04-11T11:55:40+02:00;"view";"View case";"Peter Dobosi c3"
"ca0b68e5-f087-4213-a42f-7ffde661b5b4";2025-03-04T09:04:52+01:00;"view";"View case";"Zsofia Abraham"
"ca0b68e5-f087-4213-a42f-7ffde661b5b4";2025-03-03T15:50:57+01:00;"update";"Update case assignee";"Akos Sereg"
"ca0b68e5-f087-4213-a42f-7ffde661b5b4";2025-03-03T15:49:52+01:00;"update";"Update case assignee";"Akos Sereg"
"ca0b68e5-f087-4213-a42f-7ffde661b5b4";2025-02-28T09:28:55+01:00;"view";"View case";"Bence Boros mr. Context"
"ca0b68e5-f087-4213-a42f-7ffde661b5b4";2025-02-28T09:28:11+01:00;"view";"View case";"Bence Boros mr. Context"
"ca0b68e5-f087-4213-a42f-7ffde661b5b4";2025-02-27T16:51:43+01:00;"view";"View case";"Dénes Lehoczky"
"ca0b68e5-f087-4213-a42f-7ffde661b5b4";2025-02-27T14:38:37+01:00;"view";"View case";"Akos Sereg"
"ca0b68e5-f087-4213-a42f-7ffde661b5b4";2025-02-27T14:38:37+01:00;"view";"View case";"Akos Sereg"
"ca0b68e5-f087-4213-a42f-7ffde661b5b4";2025-02-26T14:53:29+01:00;"view";"View case";"Zsofia Abraham"
"ca0b68e5-f087-4213-a42f-7ffde661b5b4";2025-02-26T14:18:46+01:00;"view";"View case";"Zsofia Abraham"
"ca0b68e5-f087-4213-a42f-7ffde661b5b4";2025-02-26T14:14:18+01:00;"view";"View case";"Zsofia Abraham"
"ca0b68e5-f087-4213-a42f-7ffde661b5b4";2025-02-26T14:14:16+01:00;"create";"Create case";"Zsofia Abraham"
