"case_id";"date";"action";"description";"user"
"fd2b7d5a-69b6-4d3a-96f1-0e55615d823d";2025-04-11T13:17:11+02:00;"view";"View case";"Peter Dobosi c3"
"fd2b7d5a-69b6-4d3a-96f1-0e55615d823d";2025-04-11T11:57:31+02:00;"view";"View case";"Peter Dobosi c3"
"fd2b7d5a-69b6-4d3a-96f1-0e55615d823d";2025-04-11T11:57:29+02:00;"view";"View case";"Peter Dobosi c3"
"fd2b7d5a-69b6-4d3a-96f1-0e55615d823d";2025-03-14T09:50:46+01:00;"view";"View case";"Andrei Frosin"
"fd2b7d5a-69b6-4d3a-96f1-0e55615d823d";2025-02-20T13:19:37+01:00;"view";"View case";"Akos Sereg"
"fd2b7d5a-69b6-4d3a-96f1-0e55615d823d";2025-02-20T13:19:28+01:00;"view";"View case";"Akos Sereg"
"fd2b7d5a-69b6-4d3a-96f1-0e55615d823d";2025-02-20T08:56:48+01:00;"view";"View case";"Akos Sereg"
"fd2b7d5a-69b6-4d3a-96f1-0e55615d823d";2025-02-07T10:57:37+01:00;"view";"View case";"Bence Boros mr. Context"
"fd2b7d5a-69b6-4d3a-96f1-0e55615d823d";2025-02-06T10:31:59+01:00;"view";"View case";"Bence Boros mr. Context"
"fd2b7d5a-69b6-4d3a-96f1-0e55615d823d";2025-02-06T10:31:57+01:00;"create";"Create case";"Bence Boros mr. Context"
"fd2b7d5a-69b6-4d3a-96f1-0e55615d823d";2025-02-06T10:31:57+01:00;"update";"Link transactions";"Bence Boros mr. Context"
"fd2b7d5a-69b6-4d3a-96f1-0e55615d823d";2025-02-06T10:31:57+01:00;"update";"Link alerts";"Bence Boros mr. Context"
