"case_id";"date";"action";"description";"user"
"2ea141b1-392d-46bb-bc31-c4471d1d178d";2025-04-04T11:27:57+02:00;"view";"View case";"Peter Dobosi c3"
"2ea141b1-392d-46bb-bc31-c4471d1d178d";2025-04-04T11:26:30+02:00;"view";"View case";"Peter Dobosi c3"
"2ea141b1-392d-46bb-bc31-c4471d1d178d";2025-04-04T11:24:37+02:00;"view";"View case";"Peter Dobosi c3"
"2ea141b1-392d-46bb-bc31-c4471d1d178d";2025-03-28T16:09:59+01:00;"view";"View case";"Peter Dobosi c3"
"2ea141b1-392d-46bb-bc31-c4471d1d178d";2025-03-28T16:09:44+01:00;"view";"View case";"Peter Dobosi c3"
"2ea141b1-392d-46bb-bc31-c4471d1d178d";2025-03-11T13:41:11+01:00;"view";"View case";"Zsofia Abraham"
"2ea141b1-392d-46bb-bc31-c4471d1d178d";2025-03-11T13:39:49+01:00;"view";"View case";"Zsofia Abraham"
"2ea141b1-392d-46bb-bc31-c4471d1d178d";2025-03-11T09:47:59+01:00;"view";"View case";"ZsoltSupreme"
"2ea141b1-392d-46bb-bc31-c4471d1d178d";2025-03-11T09:47:44+01:00;"view";"View case";"ZsoltSupreme"
"2ea141b1-392d-46bb-bc31-c4471d1d178d";2025-03-10T06:28:06+01:00;"view";"View case";"Daniel Szenasi"
"2ea141b1-392d-46bb-bc31-c4471d1d178d";2025-03-07T11:35:32+01:00;"view";"View case";"Zsofia Abraham"
"2ea141b1-392d-46bb-bc31-c4471d1d178d";2025-03-07T10:54:57+01:00;"view";"View case";"Daniel Szenasi"
"2ea141b1-392d-46bb-bc31-c4471d1d178d";2025-03-07T10:53:07+01:00;"view";"View case";"Daniel Szenasi"
"2ea141b1-392d-46bb-bc31-c4471d1d178d";2025-03-07T10:51:48+01:00;"view";"View case";"Daniel Szenasi"
"2ea141b1-392d-46bb-bc31-c4471d1d178d";2025-03-07T09:33:47+01:00;"view";"View case";"Daniel Szenasi"
"2ea141b1-392d-46bb-bc31-c4471d1d178d";2025-03-07T09:32:58+01:00;"autofill";"Autofill undefined Report";"Daniel Szenasi"
"2ea141b1-392d-46bb-bc31-c4471d1d178d";2025-03-07T09:15:14+01:00;"view";"View case";"Daniel Szenasi"
"2ea141b1-392d-46bb-bc31-c4471d1d178d";2025-03-07T09:14:08+01:00;"autofill";"Autofill undefined Report";"Daniel Szenasi"
"2ea141b1-392d-46bb-bc31-c4471d1d178d";2025-03-07T09:12:51+01:00;"autofill";"Autofill undefined Report";"Daniel Szenasi"
"2ea141b1-392d-46bb-bc31-c4471d1d178d";2025-03-07T09:12:27+01:00;"view";"View case";"Daniel Szenasi"
"2ea141b1-392d-46bb-bc31-c4471d1d178d";2025-03-07T08:50:24+01:00;"autofill";"Autofill undefined Report";"Daniel Szenasi"
"2ea141b1-392d-46bb-bc31-c4471d1d178d";2025-03-07T08:50:17+01:00;"view";"View case";"Daniel Szenasi"
"2ea141b1-392d-46bb-bc31-c4471d1d178d";2025-03-07T08:39:48+01:00;"view";"View case";"Daniel Szenasi"
"2ea141b1-392d-46bb-bc31-c4471d1d178d";2025-03-07T08:26:53+01:00;"view";"View case";"Daniel Szenasi"
"2ea141b1-392d-46bb-bc31-c4471d1d178d";2025-03-07T08:11:15+01:00;"view";"View case";"Daniel Szenasi"
"2ea141b1-392d-46bb-bc31-c4471d1d178d";2025-03-07T08:01:58+01:00;"view";"View case";"Daniel Szenasi"
"2ea141b1-392d-46bb-bc31-c4471d1d178d";2025-03-07T08:01:56+01:00;"view";"View case";"Daniel Szenasi"
"2ea141b1-392d-46bb-bc31-c4471d1d178d";2025-03-07T08:01:52+01:00;"update";"Link transactions";"Daniel Szenasi"
"2ea141b1-392d-46bb-bc31-c4471d1d178d";2025-03-07T08:01:46+01:00;"view";"View case";"Daniel Szenasi"
"2ea141b1-392d-46bb-bc31-c4471d1d178d";2025-03-07T08:01:42+01:00;"view";"View case";"Daniel Szenasi"
"2ea141b1-392d-46bb-bc31-c4471d1d178d";2025-03-07T08:01:36+01:00;"create";"Create case";"Daniel Szenasi"
