"case_id";"date";"action";"description";"user"
"dda88d2a-b618-4443-bac6-94bff1846119";2025-03-27T15:40:52+01:00;"view";"View case";"Daniel Szenasi"
"dda88d2a-b618-4443-bac6-94bff1846119";2025-03-27T15:40:45+01:00;"view";"View case";"Daniel Szenasi"
"dda88d2a-b618-4443-bac6-94bff1846119";2025-03-27T15:40:44+01:00;"view";"View case";"Daniel Szenasi"
"dda88d2a-b618-4443-bac6-94bff1846119";2025-03-27T15:40:41+01:00;"view";"View case";"Daniel Szenasi"
"dda88d2a-b618-4443-bac6-94bff1846119";2025-03-26T16:22:51+01:00;"update";"Update case assignee";"Zsofia Abraham"
"dda88d2a-b618-4443-bac6-94bff1846119";2025-03-25T10:42:46+01:00;"view";"View case";"Zsofia Abraham"
"dda88d2a-b618-4443-bac6-94bff1846119";2025-03-25T10:42:41+01:00;"view";"View case";"Zsofia Abraham"
"dda88d2a-b618-4443-bac6-94bff1846119";2025-03-25T10:42:41+01:00;"view";"View case";"Zsofia Abraham"
"dda88d2a-b618-4443-bac6-94bff1846119";2025-03-25T10:42:36+01:00;"view";"View case";"Zsofia Abraham"
"dda88d2a-b618-4443-bac6-94bff1846119";2025-03-25T10:42:33+01:00;"view";"View case";"Zsofia Abraham"
"dda88d2a-b618-4443-bac6-94bff1846119";2025-03-20T09:35:24+01:00;"view";"View case";"Akos Sereg"
"dda88d2a-b618-4443-bac6-94bff1846119";2025-03-18T15:46:36+01:00;"view";"View case";"Zsofia Abraham"
"dda88d2a-b618-4443-bac6-94bff1846119";2025-03-18T15:46:35+01:00;"create";"Create case";"Zsofia Abraham"
