"case_id";"date";"action";"description";"user"
"e486213d-7071-42e2-9745-d6c5ebcacb57";2025-04-03T10:50:32+02:00;"view";"View case";"Peter Dobosi c3"
"e486213d-7071-42e2-9745-d6c5ebcacb57";2025-04-02T13:51:16+02:00;"view";"View case";"Edmond Szabo"
"e486213d-7071-42e2-9745-d6c5ebcacb57";2025-04-02T13:50:58+02:00;"view";"View case";"Edmond Szabo"
"e486213d-7071-42e2-9745-d6c5ebcacb57";2025-03-31T13:04:39+02:00;"view";"View case";"Bence Boros mr. Context"
"e486213d-7071-42e2-9745-d6c5ebcacb57";2025-03-31T13:04:33+02:00;"create";"Create case";"Bence Boros mr. Context"
