"case_id";"date";"action";"description";"user"
"2b250ee3-426c-4348-85fa-dafe0c329f4a";2025-04-28T13:37:34+02:00;"view";"View case";"Zsofia Abraham"
"2b250ee3-426c-4348-85fa-dafe0c329f4a";2025-04-28T13:37:33+02:00;"view";"View case";"Zsofia Abraham"
"2b250ee3-426c-4348-85fa-dafe0c329f4a";2025-04-28T13:37:32+02:00;"view";"View case";"Zsofia Abraham"
"2b250ee3-426c-4348-85fa-dafe0c329f4a";2025-04-28T13:37:30+02:00;"view";"View case";"Zsofia Abraham"
"2b250ee3-426c-4348-85fa-dafe0c329f4a";2025-04-04T11:27:58+02:00;"view";"View case";"Peter Dobosi c3"
"2b250ee3-426c-4348-85fa-dafe0c329f4a";2025-04-04T11:26:30+02:00;"view";"View case";"Peter Dobosi c3"
"2b250ee3-426c-4348-85fa-dafe0c329f4a";2025-04-04T11:24:37+02:00;"view";"View case";"Peter Dobosi c3"
"2b250ee3-426c-4348-85fa-dafe0c329f4a";2025-04-02T13:36:51+02:00;"view";"View case";"Zsofia Abraham"
"2b250ee3-426c-4348-85fa-dafe0c329f4a";2025-04-02T11:53:34+02:00;"view";"View case";"Zsofia Abraham"
"2b250ee3-426c-4348-85fa-dafe0c329f4a";2025-04-02T11:53:31+02:00;"view";"View case";"Zsofia Abraham"
"2b250ee3-426c-4348-85fa-dafe0c329f4a";2025-03-28T16:10:38+01:00;"view";"View case";"Peter Dobosi c3"
"2b250ee3-426c-4348-85fa-dafe0c329f4a";2025-03-28T16:10:33+01:00;"view";"View case";"Peter Dobosi c3"
"2b250ee3-426c-4348-85fa-dafe0c329f4a";2025-03-28T16:10:33+01:00;"update";"Link transactions";"Peter Dobosi c3"
"2b250ee3-426c-4348-85fa-dafe0c329f4a";2025-03-28T16:10:25+01:00;"view";"View case";"Peter Dobosi c3"
"2b250ee3-426c-4348-85fa-dafe0c329f4a";2025-03-28T16:10:25+01:00;"update";"Unlink transactions";"Peter Dobosi c3"
"2b250ee3-426c-4348-85fa-dafe0c329f4a";2025-03-28T16:10:18+01:00;"view";"View case";"Peter Dobosi c3"
"2b250ee3-426c-4348-85fa-dafe0c329f4a";2025-03-28T16:10:16+01:00;"view";"View case";"Peter Dobosi c3"
"2b250ee3-426c-4348-85fa-dafe0c329f4a";2025-03-28T16:07:08+01:00;"view";"View case";"Peter Dobosi c3"
"2b250ee3-426c-4348-85fa-dafe0c329f4a";2025-03-28T16:06:57+01:00;"view";"View case";"Peter Dobosi c3"
"2b250ee3-426c-4348-85fa-dafe0c329f4a";2025-03-28T16:05:12+01:00;"delete";"Delete Report";"Peter Dobosi c3"
"2b250ee3-426c-4348-85fa-dafe0c329f4a";2025-03-28T16:05:06+01:00;"delete";"Delete Report";"Peter Dobosi c3"
"2b250ee3-426c-4348-85fa-dafe0c329f4a";2025-03-28T16:00:36+01:00;"view";"View case";"Peter Dobosi c3"
"2b250ee3-426c-4348-85fa-dafe0c329f4a";2025-03-28T16:00:29+01:00;"view";"View case";"Peter Dobosi c3"
"2b250ee3-426c-4348-85fa-dafe0c329f4a";2025-03-28T16:00:29+01:00;"update";"Link transactions";"Peter Dobosi c3"
"2b250ee3-426c-4348-85fa-dafe0c329f4a";2025-03-28T16:00:20+01:00;"view";"View case";"Peter Dobosi c3"
"2b250ee3-426c-4348-85fa-dafe0c329f4a";2025-03-28T16:00:18+01:00;"view";"View case";"Peter Dobosi c3"
"2b250ee3-426c-4348-85fa-dafe0c329f4a";2025-03-28T15:54:19+01:00;"view";"View case";"Peter Dobosi c3"
"2b250ee3-426c-4348-85fa-dafe0c329f4a";2025-03-28T15:53:48+01:00;"view";"View case";"Peter Dobosi c3"
"2b250ee3-426c-4348-85fa-dafe0c329f4a";2025-03-28T15:50:41+01:00;"view";"View case";"Peter Dobosi c3"
"2b250ee3-426c-4348-85fa-dafe0c329f4a";2025-03-28T15:50:36+01:00;"view";"View case";"Peter Dobosi c3"
"2b250ee3-426c-4348-85fa-dafe0c329f4a";2025-03-27T16:19:11+01:00;"view";"View case";"Bence Boros mr. Context"
"2b250ee3-426c-4348-85fa-dafe0c329f4a";2025-03-27T16:19:10+01:00;"view";"View case";"Bence Boros mr. Context"
"2b250ee3-426c-4348-85fa-dafe0c329f4a";2025-03-27T16:19:08+01:00;"view";"View case";"Bence Boros mr. Context"
"2b250ee3-426c-4348-85fa-dafe0c329f4a";2025-03-27T16:19:07+01:00;"view";"View case";"Bence Boros mr. Context"
"2b250ee3-426c-4348-85fa-dafe0c329f4a";2025-03-27T16:19:04+01:00;"checklist";"Checked Document the purpose and legitimacy of the transaction.";"Bence Boros mr. Context"
"2b250ee3-426c-4348-85fa-dafe0c329f4a";2025-03-27T16:19:03+01:00;"checklist";"Checked Contact the customer for additional information, if necessary.";"Bence Boros mr. Context"
"2b250ee3-426c-4348-85fa-dafe0c329f4a";2025-03-27T16:19:02+01:00;"checklist";"Checked Assess the customer's transaction history and profile.";"Bence Boros mr. Context"
"2b250ee3-426c-4348-85fa-dafe0c329f4a";2025-03-27T16:19:01+01:00;"checklist";"Checked Review the details of the large transaction.";"Bence Boros mr. Context"
"2b250ee3-426c-4348-85fa-dafe0c329f4a";2025-03-27T16:18:57+01:00;"view";"View case";"Bence Boros mr. Context"
"2b250ee3-426c-4348-85fa-dafe0c329f4a";2025-03-27T16:18:57+01:00;"update";"Update case assignee";"Bence Boros mr. Context"
"2b250ee3-426c-4348-85fa-dafe0c329f4a";2025-03-27T16:18:56+01:00;"view";"View case";"Bence Boros mr. Context"
"2b250ee3-426c-4348-85fa-dafe0c329f4a";2025-03-27T16:18:53+01:00;"view";"View case";"Bence Boros mr. Context"
"2b250ee3-426c-4348-85fa-dafe0c329f4a";2025-03-27T16:18:52+01:00;"update";"Update case status";"Bence Boros mr. Context"
"2b250ee3-426c-4348-85fa-dafe0c329f4a";2025-03-27T16:18:43+01:00;"view";"View case";"Bence Boros mr. Context"
"2b250ee3-426c-4348-85fa-dafe0c329f4a";2025-03-27T16:18:42+01:00;"update";"Link transactions";"Bence Boros mr. Context"
"2b250ee3-426c-4348-85fa-dafe0c329f4a";2025-03-27T16:18:34+01:00;"view";"View case";"Bence Boros mr. Context"
"2b250ee3-426c-4348-85fa-dafe0c329f4a";2025-03-27T16:18:15+01:00;"view";"View case";"Bence Boros mr. Context"
"2b250ee3-426c-4348-85fa-dafe0c329f4a";2025-03-25T09:35:08+01:00;"view";"View case";" Anna Krisztina Németh"
"2b250ee3-426c-4348-85fa-dafe0c329f4a";2025-03-20T09:35:43+01:00;"view";"View case";"Akos Sereg"
"2b250ee3-426c-4348-85fa-dafe0c329f4a";2025-03-20T09:35:41+01:00;"view";"View case";"Akos Sereg"
"2b250ee3-426c-4348-85fa-dafe0c329f4a";2025-03-18T15:46:32+01:00;"view";"View case";"Zsofia Abraham"
"2b250ee3-426c-4348-85fa-dafe0c329f4a";2025-03-18T14:56:33+01:00;"view";"View case";"Bence Boros mr. Context"
"2b250ee3-426c-4348-85fa-dafe0c329f4a";2025-03-18T14:52:07+01:00;"view";"View case";"Bence Boros mr. Context"
"2b250ee3-426c-4348-85fa-dafe0c329f4a";2025-03-18T14:47:32+01:00;"add";"Document upload";"Bence Boros mr. Context"
"2b250ee3-426c-4348-85fa-dafe0c329f4a";2025-03-18T14:46:10+01:00;"view";"View case";"Bence Boros mr. Context"
"2b250ee3-426c-4348-85fa-dafe0c329f4a";2025-03-18T14:38:59+01:00;"add";"Document upload";"Bence Boros mr. Context"
"2b250ee3-426c-4348-85fa-dafe0c329f4a";2025-03-18T14:38:50+01:00;"view";"View case";"Bence Boros mr. Context"
"2b250ee3-426c-4348-85fa-dafe0c329f4a";2025-03-18T13:57:05+01:00;"view";"View case";"Bence Boros mr. Context"
"2b250ee3-426c-4348-85fa-dafe0c329f4a";2025-03-18T13:35:21+01:00;"add";"Document upload";"Bence Boros mr. Context"
"2b250ee3-426c-4348-85fa-dafe0c329f4a";2025-03-18T13:35:08+01:00;"view";"View case";"Bence Boros mr. Context"
"2b250ee3-426c-4348-85fa-dafe0c329f4a";2025-03-14T10:56:55+01:00;"view";"View case";"Zsofia Abraham"
"2b250ee3-426c-4348-85fa-dafe0c329f4a";2025-03-14T10:56:52+01:00;"view";"View case";"Zsofia Abraham"
"2b250ee3-426c-4348-85fa-dafe0c329f4a";2025-03-14T09:48:43+01:00;"view";"View case";"Andrei Frosin"
"2b250ee3-426c-4348-85fa-dafe0c329f4a";2025-03-14T09:48:32+01:00;"view";"View case";"Andrei Frosin"
"2b250ee3-426c-4348-85fa-dafe0c329f4a";2025-03-13T18:04:40+01:00;"view";"View case";"Vadim Shaygorodskiy"
"2b250ee3-426c-4348-85fa-dafe0c329f4a";2025-03-13T18:04:38+01:00;"view";"View case";"Vadim Shaygorodskiy"
"2b250ee3-426c-4348-85fa-dafe0c329f4a";2025-03-13T18:04:33+01:00;"view";"View case";"Vadim Shaygorodskiy"
"2b250ee3-426c-4348-85fa-dafe0c329f4a";2025-03-11T10:44:24+01:00;"view";"View case";"Edmond Szabo"
"2b250ee3-426c-4348-85fa-dafe0c329f4a";2025-03-11T10:44:23+01:00;"view";"View case";"Edmond Szabo"
"2b250ee3-426c-4348-85fa-dafe0c329f4a";2025-03-11T10:44:22+01:00;"view";"View case";"Edmond Szabo"
"2b250ee3-426c-4348-85fa-dafe0c329f4a";2025-03-10T16:00:07+01:00;"view";"View case";"Zsofia Abraham"
"2b250ee3-426c-4348-85fa-dafe0c329f4a";2025-03-10T14:34:07+01:00;"view";"View case";"Zsofia Abraham"
"2b250ee3-426c-4348-85fa-dafe0c329f4a";2025-03-10T14:34:00+01:00;"view";"View case";"Zsofia Abraham"
"2b250ee3-426c-4348-85fa-dafe0c329f4a";2025-03-10T14:33:54+01:00;"view";"View case";"Zsofia Abraham"
"2b250ee3-426c-4348-85fa-dafe0c329f4a";2025-03-10T14:33:51+01:00;"create";"Create case";"Zsofia Abraham"
"2b250ee3-426c-4348-85fa-dafe0c329f4a";2025-03-10T14:33:51+01:00;"update";"Link transactions";"Zsofia Abraham"
