"case_id";"date";"action";"description";"user"
"548bed3e-dbe8-45c9-913e-5afaed92da15";2025-05-06T09:12:06+02:00;"view";"View case";"Zsofia Abraham"
"548bed3e-dbe8-45c9-913e-5afaed92da15";2025-05-06T09:11:56+02:00;"view";"View case";"Zsofia Abraham"
"548bed3e-dbe8-45c9-913e-5afaed92da15";2025-05-06T09:11:50+02:00;"view";"View case";"Zsofia Abraham"
"548bed3e-dbe8-45c9-913e-5afaed92da15";2025-05-06T09:11:47+02:00;"view";"View case";"Zsofia Abraham"
"548bed3e-dbe8-45c9-913e-5afaed92da15";2025-05-06T09:11:47+02:00;"view";"View case";"Zsofia Abraham"
"548bed3e-dbe8-45c9-913e-5afaed92da15";2025-05-06T09:11:45+02:00;"view";"View case";"Zsofia Abraham"
"548bed3e-dbe8-45c9-913e-5afaed92da15";2025-05-06T09:11:45+02:00;"view";"View case";"Zsofia Abraham"
"548bed3e-dbe8-45c9-913e-5afaed92da15";2025-05-06T09:11:42+02:00;"view";"View case";"Zsofia Abraham"
"548bed3e-dbe8-45c9-913e-5afaed92da15";2025-05-06T09:11:31+02:00;"view";"View case";"Zsofia Abraham"
"548bed3e-dbe8-45c9-913e-5afaed92da15";2025-05-06T09:11:29+02:00;"view";"View case";"Zsofia Abraham"
"548bed3e-dbe8-45c9-913e-5afaed92da15";2025-05-06T09:11:28+02:00;"view";"View case";"Zsofia Abraham"
"548bed3e-dbe8-45c9-913e-5afaed92da15";2025-05-06T09:11:27+02:00;"view";"View case";"Zsofia Abraham"
"548bed3e-dbe8-45c9-913e-5afaed92da15";2025-05-06T09:11:24+02:00;"view";"View case";"Zsofia Abraham"
"548bed3e-dbe8-45c9-913e-5afaed92da15";2025-05-06T09:11:22+02:00;"view";"View case";"Zsofia Abraham"
"548bed3e-dbe8-45c9-913e-5afaed92da15";2025-05-06T09:11:21+02:00;"view";"View case";"Zsofia Abraham"
"548bed3e-dbe8-45c9-913e-5afaed92da15";2025-05-06T09:11:15+02:00;"view";"View case";"Zsofia Abraham"
"548bed3e-dbe8-45c9-913e-5afaed92da15";2025-05-06T08:58:10+02:00;"view";"View case";"Peter Dobosi c3"
"548bed3e-dbe8-45c9-913e-5afaed92da15";2025-05-06T08:58:08+02:00;"view";"View case";"Peter Dobosi c3"
"548bed3e-dbe8-45c9-913e-5afaed92da15";2025-05-06T08:58:07+02:00;"view";"View case";"Peter Dobosi c3"
"548bed3e-dbe8-45c9-913e-5afaed92da15";2025-05-06T08:58:06+02:00;"view";"View case";"Peter Dobosi c3"
"548bed3e-dbe8-45c9-913e-5afaed92da15";2025-05-06T08:58:03+02:00;"view";"View case";"Peter Dobosi c3"
"548bed3e-dbe8-45c9-913e-5afaed92da15";2025-05-06T08:58:01+02:00;"view";"View case";"Peter Dobosi c3"
"548bed3e-dbe8-45c9-913e-5afaed92da15";2025-05-06T08:57:59+02:00;"view";"View case";"Peter Dobosi c3"
"548bed3e-dbe8-45c9-913e-5afaed92da15";2025-05-06T08:57:50+02:00;"view";"View case";"Peter Dobosi c3"
"548bed3e-dbe8-45c9-913e-5afaed92da15";2025-05-06T08:36:31+02:00;"view";"View case";"Peter Dobosi c3"
"548bed3e-dbe8-45c9-913e-5afaed92da15";2025-05-06T08:36:24+02:00;"view";"View case";"Peter Dobosi c3"
"548bed3e-dbe8-45c9-913e-5afaed92da15";2025-05-06T08:36:21+02:00;"view";"View case";"Peter Dobosi c3"
"548bed3e-dbe8-45c9-913e-5afaed92da15";2025-05-06T08:36:14+02:00;"view";"View case";"Peter Dobosi c3"
"548bed3e-dbe8-45c9-913e-5afaed92da15";2025-04-30T16:49:36+02:00;"view";"View case";"Zsofia Abraham"
"548bed3e-dbe8-45c9-913e-5afaed92da15";2025-04-30T16:49:35+02:00;"view";"View case";"Zsofia Abraham"
"548bed3e-dbe8-45c9-913e-5afaed92da15";2025-04-30T16:49:30+02:00;"view";"View case";"Zsofia Abraham"
"548bed3e-dbe8-45c9-913e-5afaed92da15";2025-04-30T15:27:17+02:00;"view";"View case";"Bence Boros mr. Context"
"548bed3e-dbe8-45c9-913e-5afaed92da15";2025-04-30T15:27:16+02:00;"view";"View case";"Bence Boros mr. Context"
"548bed3e-dbe8-45c9-913e-5afaed92da15";2025-04-30T15:26:54+02:00;"view";"View case";"Bence Boros mr. Context"
"548bed3e-dbe8-45c9-913e-5afaed92da15";2025-04-30T15:26:53+02:00;"view";"View case";"Bence Boros mr. Context"
"548bed3e-dbe8-45c9-913e-5afaed92da15";2025-04-30T15:26:49+02:00;"view";"View case";"Bence Boros mr. Context"
"548bed3e-dbe8-45c9-913e-5afaed92da15";2025-04-30T15:26:48+02:00;"view";"View case";"Bence Boros mr. Context"
"548bed3e-dbe8-45c9-913e-5afaed92da15";2025-04-30T15:26:43+02:00;"view";"View case";"Bence Boros mr. Context"
"548bed3e-dbe8-45c9-913e-5afaed92da15";2025-04-30T15:26:42+02:00;"view";"View case";"Bence Boros mr. Context"
"548bed3e-dbe8-45c9-913e-5afaed92da15";2025-04-30T15:26:41+02:00;"view";"View case";"Bence Boros mr. Context"
"548bed3e-dbe8-45c9-913e-5afaed92da15";2025-04-30T15:26:40+02:00;"view";"View case";"Bence Boros mr. Context"
"548bed3e-dbe8-45c9-913e-5afaed92da15";2025-04-30T15:26:35+02:00;"view";"View case";"Bence Boros mr. Context"
"548bed3e-dbe8-45c9-913e-5afaed92da15";2025-04-30T15:26:34+02:00;"view";"View case";"Bence Boros mr. Context"
"548bed3e-dbe8-45c9-913e-5afaed92da15";2025-04-30T15:26:31+02:00;"view";"View case";"Bence Boros mr. Context"
"548bed3e-dbe8-45c9-913e-5afaed92da15";2025-04-30T15:26:30+02:00;"view";"View case";"Bence Boros mr. Context"
"548bed3e-dbe8-45c9-913e-5afaed92da15";2025-04-30T15:26:25+02:00;"view";"View case";"Bence Boros mr. Context"
"548bed3e-dbe8-45c9-913e-5afaed92da15";2025-04-30T15:26:24+02:00;"view";"View case";"Bence Boros mr. Context"
"548bed3e-dbe8-45c9-913e-5afaed92da15";2025-04-30T15:26:21+02:00;"view";"View case";"Bence Boros mr. Context"
"548bed3e-dbe8-45c9-913e-5afaed92da15";2025-04-30T15:26:20+02:00;"view";"View case";"Bence Boros mr. Context"
"548bed3e-dbe8-45c9-913e-5afaed92da15";2025-04-30T15:26:17+02:00;"view";"View case";"Bence Boros mr. Context"
"548bed3e-dbe8-45c9-913e-5afaed92da15";2025-04-30T15:26:16+02:00;"view";"View case";"Bence Boros mr. Context"
"548bed3e-dbe8-45c9-913e-5afaed92da15";2025-04-30T15:26:11+02:00;"view";"View case";"Bence Boros mr. Context"
"548bed3e-dbe8-45c9-913e-5afaed92da15";2025-04-30T15:26:10+02:00;"view";"View case";"Bence Boros mr. Context"
"548bed3e-dbe8-45c9-913e-5afaed92da15";2025-04-30T15:26:05+02:00;"view";"View case";"Bence Boros mr. Context"
"548bed3e-dbe8-45c9-913e-5afaed92da15";2025-04-30T15:26:04+02:00;"view";"View case";"Bence Boros mr. Context"
"548bed3e-dbe8-45c9-913e-5afaed92da15";2025-04-30T15:26:00+02:00;"view";"View case";"Bence Boros mr. Context"
"548bed3e-dbe8-45c9-913e-5afaed92da15";2025-04-30T15:25:58+02:00;"view";"View case";"Bence Boros mr. Context"
"548bed3e-dbe8-45c9-913e-5afaed92da15";2025-04-30T15:25:56+02:00;"view";"View case";"Bence Boros mr. Context"
"548bed3e-dbe8-45c9-913e-5afaed92da15";2025-04-30T15:25:56+02:00;"view";"View case";"Bence Boros mr. Context"
"548bed3e-dbe8-45c9-913e-5afaed92da15";2025-04-30T15:25:52+02:00;"view";"View case";"Bence Boros mr. Context"
"548bed3e-dbe8-45c9-913e-5afaed92da15";2025-04-30T15:25:52+02:00;"view";"View case";"Bence Boros mr. Context"
"548bed3e-dbe8-45c9-913e-5afaed92da15";2025-04-30T15:25:49+02:00;"view";"View case";"Bence Boros mr. Context"
"548bed3e-dbe8-45c9-913e-5afaed92da15";2025-04-30T15:12:37+02:00;"view";"View case";"Bence Boros mr. Context"
"548bed3e-dbe8-45c9-913e-5afaed92da15";2025-04-30T15:12:36+02:00;"view";"View case";"Bence Boros mr. Context"
"548bed3e-dbe8-45c9-913e-5afaed92da15";2025-04-30T15:12:34+02:00;"view";"View case";"Bence Boros mr. Context"
"548bed3e-dbe8-45c9-913e-5afaed92da15";2025-04-30T15:12:32+02:00;"view";"View case";"Bence Boros mr. Context"
"548bed3e-dbe8-45c9-913e-5afaed92da15";2025-04-29T11:25:23+02:00;"view";"View case";"Zsofia Abraham"
"548bed3e-dbe8-45c9-913e-5afaed92da15";2025-04-28T13:59:07+02:00;"view";"View case";"Zsofia Abraham"
"548bed3e-dbe8-45c9-913e-5afaed92da15";2025-04-28T13:57:44+02:00;"view";"View case";"Zsofia Abraham"
"548bed3e-dbe8-45c9-913e-5afaed92da15";2025-04-28T13:57:42+02:00;"view";"View case";"Zsofia Abraham"
"548bed3e-dbe8-45c9-913e-5afaed92da15";2025-04-28T13:56:40+02:00;"view";"View case";"Zsofia Abraham"
"548bed3e-dbe8-45c9-913e-5afaed92da15";2025-04-28T13:56:37+02:00;"view";"View case";"Zsofia Abraham"
"548bed3e-dbe8-45c9-913e-5afaed92da15";2025-04-28T13:39:38+02:00;"view";"View case";"Zsofia Abraham"
"548bed3e-dbe8-45c9-913e-5afaed92da15";2025-04-28T13:37:18+02:00;"view";"View case";"Zsofia Abraham"
"548bed3e-dbe8-45c9-913e-5afaed92da15";2025-04-28T13:37:15+02:00;"view";"View case";"Zsofia Abraham"
"548bed3e-dbe8-45c9-913e-5afaed92da15";2025-04-28T13:33:53+02:00;"view";"View case";"Zsofia Abraham"
"548bed3e-dbe8-45c9-913e-5afaed92da15";2025-04-28T13:32:05+02:00;"view";"View case";"Zsofia Abraham"
"548bed3e-dbe8-45c9-913e-5afaed92da15";2025-04-28T13:32:03+02:00;"view";"View case";"Zsofia Abraham"
"548bed3e-dbe8-45c9-913e-5afaed92da15";2025-04-28T13:32:01+02:00;"view";"View case";"Zsofia Abraham"
"548bed3e-dbe8-45c9-913e-5afaed92da15";2025-04-28T13:32:00+02:00;"view";"View case";"Zsofia Abraham"
"548bed3e-dbe8-45c9-913e-5afaed92da15";2025-04-28T13:28:03+02:00;"view";"View case";"Zsofia Abraham"
"548bed3e-dbe8-45c9-913e-5afaed92da15";2025-04-28T13:27:58+02:00;"view";"View case";"Zsofia Abraham"
"548bed3e-dbe8-45c9-913e-5afaed92da15";2025-04-28T13:27:52+02:00;"view";"View case";"Zsofia Abraham"
"548bed3e-dbe8-45c9-913e-5afaed92da15";2025-04-28T13:27:49+02:00;"view";"View case";"Zsofia Abraham"
"548bed3e-dbe8-45c9-913e-5afaed92da15";2025-04-28T13:14:54+02:00;"view";"View case";"Zsofia Abraham"
"548bed3e-dbe8-45c9-913e-5afaed92da15";2025-04-28T13:14:25+02:00;"view";"View case";"Zsofia Abraham"
"548bed3e-dbe8-45c9-913e-5afaed92da15";2025-04-28T13:09:36+02:00;"view";"View case";"Zsofia Abraham"
"548bed3e-dbe8-45c9-913e-5afaed92da15";2025-04-28T13:08:33+02:00;"view";"View case";"Zsofia Abraham"
"548bed3e-dbe8-45c9-913e-5afaed92da15";2025-04-28T13:07:57+02:00;"view";"View case";"Zsofia Abraham"
"548bed3e-dbe8-45c9-913e-5afaed92da15";2025-04-28T09:59:22+02:00;"view";"View case";"Bence Boros mr. Context"
"548bed3e-dbe8-45c9-913e-5afaed92da15";2025-04-28T09:59:21+02:00;"view";"View case";"Bence Boros mr. Context"
"548bed3e-dbe8-45c9-913e-5afaed92da15";2025-04-28T09:38:01+02:00;"view";"View case";"Bence Boros mr. Context"
"548bed3e-dbe8-45c9-913e-5afaed92da15";2025-04-28T08:36:16+02:00;"view";"View case";"Bence Boros mr. Context"
"548bed3e-dbe8-45c9-913e-5afaed92da15";2025-04-28T08:36:08+02:00;"view";"View case";"Bence Boros mr. Context"
"548bed3e-dbe8-45c9-913e-5afaed92da15";2025-04-28T08:36:03+02:00;"view";"View case";"Bence Boros mr. Context"
"548bed3e-dbe8-45c9-913e-5afaed92da15";2025-04-17T10:04:04+02:00;"view";"View case";"Peter Dobosi c3"
"548bed3e-dbe8-45c9-913e-5afaed92da15";2025-04-16T14:26:57+02:00;"view";"View case";"Peter Dobosi c3"
"548bed3e-dbe8-45c9-913e-5afaed92da15";2025-04-16T14:26:55+02:00;"view";"View case";"Peter Dobosi c3"
"548bed3e-dbe8-45c9-913e-5afaed92da15";2025-04-16T14:12:03+02:00;"view";"View case";"Peter Dobosi c3"
"548bed3e-dbe8-45c9-913e-5afaed92da15";2025-04-16T14:12:01+02:00;"view";"View case";"Peter Dobosi c3"
"548bed3e-dbe8-45c9-913e-5afaed92da15";2025-04-03T11:40:52+02:00;"view";"View case";"Peter Dobosi c3"
"548bed3e-dbe8-45c9-913e-5afaed92da15";2025-04-03T10:51:38+02:00;"view";"View case";"Peter Dobosi c3"
"548bed3e-dbe8-45c9-913e-5afaed92da15";2025-04-03T10:51:27+02:00;"view";"View case";"Peter Dobosi c3"
"548bed3e-dbe8-45c9-913e-5afaed92da15";2025-04-03T10:51:26+02:00;"create";"Create case";"Peter Dobosi c3"
"548bed3e-dbe8-45c9-913e-5afaed92da15";2025-04-03T10:51:26+02:00;"update";"Link transactions";"Peter Dobosi c3"
"548bed3e-dbe8-45c9-913e-5afaed92da15";2025-04-03T10:51:26+02:00;"update";"Link alerts";"Peter Dobosi c3"
