"case_id";"date";"action";"description";"user"
"014f45fe-5373-4f11-94c0-9415de68a76d";2025-05-21T16:40:57+02:00;"view";"View case";" Anna Krisztina Németh"
"014f45fe-5373-4f11-94c0-9415de68a76d";2025-05-21T16:40:56+02:00;"create";"Create case";" Anna Krisztina Németh"
"014f45fe-5373-4f11-94c0-9415de68a76d";2025-05-21T16:40:56+02:00;"update";"Link transactions";" Anna Krisztina Németh"
"014f45fe-5373-4f11-94c0-9415de68a76d";2025-05-21T16:40:56+02:00;"update";"Link alerts";" Anna Krisztina Németh"
