"case_id";"date";"action";"description";"user"
"ac8e761c-a512-4340-a2cf-0da7cb2eafa7";2025-04-28T16:11:25+02:00;"view";"View case";"Bence Boros mr. Context"
"ac8e761c-a512-4340-a2cf-0da7cb2eafa7";2025-04-28T16:10:35+02:00;"update";"Link transactions";"Bence Boros mr. Context"
"ac8e761c-a512-4340-a2cf-0da7cb2eafa7";2025-04-28T16:07:05+02:00;"view";"View case";"Bence Boros mr. Context"
"ac8e761c-a512-4340-a2cf-0da7cb2eafa7";2025-04-28T16:05:19+02:00;"create";"Create case";"Bence Boros mr. Context"
"ac8e761c-a512-4340-a2cf-0da7cb2eafa7";2025-04-28T16:05:19+02:00;"update";"Link transactions";"Bence Boros mr. Context"
"ac8e761c-a512-4340-a2cf-0da7cb2eafa7";2025-04-28T16:05:19+02:00;"update";"Link alerts";"Bence Boros mr. Context"
