"case_id";"date";"action";"description";"user"
"5cd5be6a-4c8f-4355-89e7-a1d2566a39a2";2025-03-11T13:39:43+01:00;"view";"View case";"Zsofia Abraham"
"5cd5be6a-4c8f-4355-89e7-a1d2566a39a2";2025-03-11T13:39:37+01:00;"view";"View case";"Zsofia Abraham"
"5cd5be6a-4c8f-4355-89e7-a1d2566a39a2";2025-03-11T13:37:59+01:00;"view";"View case";"Zsofia Abraham"
"5cd5be6a-4c8f-4355-89e7-a1d2566a39a2";2025-03-11T13:37:56+01:00;"view";"View case";"Zsofia Abraham"
"5cd5be6a-4c8f-4355-89e7-a1d2566a39a2";2025-03-11T13:37:52+01:00;"view";"View case";"Zsofia Abraham"
"5cd5be6a-4c8f-4355-89e7-a1d2566a39a2";2025-03-11T13:37:48+01:00;"view";"View case";"Zsofia Abraham"
"5cd5be6a-4c8f-4355-89e7-a1d2566a39a2";2025-03-11T13:37:30+01:00;"view";"View case";"Zsofia Abraham"
"5cd5be6a-4c8f-4355-89e7-a1d2566a39a2";2025-03-11T13:37:24+01:00;"view";"View case";"Zsofia Abraham"
"5cd5be6a-4c8f-4355-89e7-a1d2566a39a2";2025-03-11T13:37:22+01:00;"view";"View case";"Zsofia Abraham"
"5cd5be6a-4c8f-4355-89e7-a1d2566a39a2";2025-03-11T13:37:21+01:00;"view";"View case";"Zsofia Abraham"
"5cd5be6a-4c8f-4355-89e7-a1d2566a39a2";2025-03-11T13:37:18+01:00;"view";"View case";"Zsofia Abraham"
"5cd5be6a-4c8f-4355-89e7-a1d2566a39a2";2025-03-06T18:04:44+01:00;"view";"View case";"Daniel Szenasi"
"5cd5be6a-4c8f-4355-89e7-a1d2566a39a2";2025-03-06T15:25:36+01:00;"view";"View case";"Daniel Szenasi"
"5cd5be6a-4c8f-4355-89e7-a1d2566a39a2";2025-03-06T15:06:49+01:00;"view";"View case";"Daniel Szenasi"
"5cd5be6a-4c8f-4355-89e7-a1d2566a39a2";2025-03-06T15:03:23+01:00;"view";"View case";"Daniel Szenasi"
"5cd5be6a-4c8f-4355-89e7-a1d2566a39a2";2025-03-06T15:03:21+01:00;"view";"View case";"Daniel Szenasi"
"5cd5be6a-4c8f-4355-89e7-a1d2566a39a2";2025-03-06T15:03:18+01:00;"view";"View case";"Daniel Szenasi"
"5cd5be6a-4c8f-4355-89e7-a1d2566a39a2";2025-03-06T15:03:14+01:00;"create";"Create case";"Daniel Szenasi"
