"case_id";"date";"action";"description";"user"
"b1be91c4-a4a6-412f-b34b-31ad0106da50";2025-02-21T13:28:39+01:00;"view";"View case";"Daniel Szenasi"
"b1be91c4-a4a6-412f-b34b-31ad0106da50";2025-02-19T16:03:43+01:00;"view";"View case";"Daniel Szenasi"
"b1be91c4-a4a6-412f-b34b-31ad0106da50";2025-02-19T16:03:01+01:00;"view";"View case";"Daniel Szenasi"
"b1be91c4-a4a6-412f-b34b-31ad0106da50";2025-02-19T16:00:50+01:00;"view";"View case";"Daniel Szenasi"
"b1be91c4-a4a6-412f-b34b-31ad0106da50";2025-02-19T15:30:19+01:00;"view";"View case";"Daniel Szenasi"
"b1be91c4-a4a6-412f-b34b-31ad0106da50";2025-02-19T15:30:12+01:00;"view";"View case";"Daniel Szenasi"
"b1be91c4-a4a6-412f-b34b-31ad0106da50";2025-02-19T15:23:05+01:00;"view";"View case";"Daniel Szenasi"
"b1be91c4-a4a6-412f-b34b-31ad0106da50";2025-02-19T15:20:07+01:00;"view";"View case";"Daniel Szenasi"
"b1be91c4-a4a6-412f-b34b-31ad0106da50";2025-02-19T15:18:51+01:00;"view";"View case";"Daniel Szenasi"
"b1be91c4-a4a6-412f-b34b-31ad0106da50";2025-02-19T14:58:15+01:00;"view";"View case";"Daniel Szenasi"
"b1be91c4-a4a6-412f-b34b-31ad0106da50";2025-02-19T14:31:23+01:00;"view";"View case";"Daniel Szenasi"
"b1be91c4-a4a6-412f-b34b-31ad0106da50";2025-02-19T14:30:41+01:00;"view";"View case";"Daniel Szenasi"
"b1be91c4-a4a6-412f-b34b-31ad0106da50";2025-02-19T14:02:19+01:00;"view";"View case";"Daniel Szenasi"
"b1be91c4-a4a6-412f-b34b-31ad0106da50";2025-02-19T13:49:10+01:00;"view";"View case";"Daniel Szenasi"
"b1be91c4-a4a6-412f-b34b-31ad0106da50";2025-02-19T13:41:21+01:00;"view";"View case";"Daniel Szenasi"
"b1be91c4-a4a6-412f-b34b-31ad0106da50";2025-02-19T13:30:22+01:00;"view";"View case";"Daniel Szenasi"
"b1be91c4-a4a6-412f-b34b-31ad0106da50";2025-02-19T11:18:34+01:00;"view";"View case";"Daniel Szenasi"
"b1be91c4-a4a6-412f-b34b-31ad0106da50";2025-02-18T13:15:26+01:00;"view";"View case";"Daniel Szenasi"
"b1be91c4-a4a6-412f-b34b-31ad0106da50";2025-02-17T13:56:32+01:00;"view";"View case";"Daniel Szenasi"
"b1be91c4-a4a6-412f-b34b-31ad0106da50";2025-02-14T12:42:17+01:00;"view";"View case";"Zsofia Abraham"
"b1be91c4-a4a6-412f-b34b-31ad0106da50";2025-02-07T11:36:38+01:00;"view";"View case";"Roland Balogh"
"b1be91c4-a4a6-412f-b34b-31ad0106da50";2025-02-07T11:35:17+01:00;"view";"View case";"Roland Balogh"
"b1be91c4-a4a6-412f-b34b-31ad0106da50";2025-02-06T16:12:11+01:00;"view";"View case";"Roland Balogh"
