"case_id";"date";"action";"description";"user"
"d00a109d-bba3-44f6-a551-07f30fe79209";2025-02-21T09:34:25+01:00;"view";"View case";"Daniel Szenasi"
"d00a109d-bba3-44f6-a551-07f30fe79209";2025-02-21T09:32:15+01:00;"view";"View case";"Daniel Szenasi"
"d00a109d-bba3-44f6-a551-07f30fe79209";2025-02-21T09:23:54+01:00;"view";"View case";"Daniel Szenasi"
"d00a109d-bba3-44f6-a551-07f30fe79209";2025-02-21T09:16:05+01:00;"view";"View case";"Daniel Szenasi"
"d00a109d-bba3-44f6-a551-07f30fe79209";2025-02-21T08:48:35+01:00;"view";"View case";"Daniel Szenasi"
"d00a109d-bba3-44f6-a551-07f30fe79209";2025-02-21T08:46:35+01:00;"view";"View case";"Daniel Szenasi"
"d00a109d-bba3-44f6-a551-07f30fe79209";2025-02-21T08:44:00+01:00;"view";"View case";"Daniel Szenasi"
"d00a109d-bba3-44f6-a551-07f30fe79209";2025-02-21T08:25:10+01:00;"view";"View case";"Daniel Szenasi"
"d00a109d-bba3-44f6-a551-07f30fe79209";2025-02-20T16:19:13+01:00;"view";"View case";"Daniel Szenasi"
"d00a109d-bba3-44f6-a551-07f30fe79209";2025-02-20T16:18:02+01:00;"view";"View case";"Daniel Szenasi"
"d00a109d-bba3-44f6-a551-07f30fe79209";2025-02-20T16:14:13+01:00;"view";"View case";"Daniel Szenasi"
"d00a109d-bba3-44f6-a551-07f30fe79209";2025-02-20T15:21:26+01:00;"view";"View case";"Daniel Szenasi"
"d00a109d-bba3-44f6-a551-07f30fe79209";2025-02-20T15:16:28+01:00;"view";"View case";"Daniel Szenasi"
"d00a109d-bba3-44f6-a551-07f30fe79209";2025-02-20T15:14:59+01:00;"view";"View case";"Daniel Szenasi"
"d00a109d-bba3-44f6-a551-07f30fe79209";2025-02-20T15:12:28+01:00;"view";"View case";"Daniel Szenasi"
"d00a109d-bba3-44f6-a551-07f30fe79209";2025-02-20T15:11:32+01:00;"view";"View case";"Daniel Szenasi"
"d00a109d-bba3-44f6-a551-07f30fe79209";2025-02-20T14:26:09+01:00;"view";"View case";"Daniel Szenasi"
"d00a109d-bba3-44f6-a551-07f30fe79209";2025-02-20T14:25:46+01:00;"view";"View case";"Daniel Szenasi"
"d00a109d-bba3-44f6-a551-07f30fe79209";2025-02-20T14:08:49+01:00;"view";"View case";"Daniel Szenasi"
"d00a109d-bba3-44f6-a551-07f30fe79209";2025-02-20T14:07:05+01:00;"view";"View case";"Daniel Szenasi"
"d00a109d-bba3-44f6-a551-07f30fe79209";2025-02-20T13:47:30+01:00;"view";"View case";"Daniel Szenasi"
"d00a109d-bba3-44f6-a551-07f30fe79209";2025-02-20T13:47:14+01:00;"view";"View case";"Daniel Szenasi"
"d00a109d-bba3-44f6-a551-07f30fe79209";2025-02-20T13:45:30+01:00;"view";"View case";"Daniel Szenasi"
"d00a109d-bba3-44f6-a551-07f30fe79209";2025-02-20T13:42:49+01:00;"view";"View case";"Daniel Szenasi"
"d00a109d-bba3-44f6-a551-07f30fe79209";2025-02-20T13:41:20+01:00;"view";"View case";"Daniel Szenasi"
"d00a109d-bba3-44f6-a551-07f30fe79209";2025-02-20T13:27:54+01:00;"view";"View case";"Daniel Szenasi"
"d00a109d-bba3-44f6-a551-07f30fe79209";2025-02-20T13:26:15+01:00;"view";"View case";"Daniel Szenasi"
"d00a109d-bba3-44f6-a551-07f30fe79209";2025-02-20T13:26:13+01:00;"view";"View case";"Akos Sereg"
"d00a109d-bba3-44f6-a551-07f30fe79209";2025-02-20T13:26:07+01:00;"view";"View case";"Akos Sereg"
"d00a109d-bba3-44f6-a551-07f30fe79209";2025-02-20T13:21:57+01:00;"view";"View case";"Daniel Szenasi"
"d00a109d-bba3-44f6-a551-07f30fe79209";2025-02-20T13:20:32+01:00;"view";"View case";"Akos Sereg"
"d00a109d-bba3-44f6-a551-07f30fe79209";2025-02-20T13:19:05+01:00;"view";"View case";"Daniel Szenasi"
"d00a109d-bba3-44f6-a551-07f30fe79209";2025-02-20T13:09:18+01:00;"view";"View case";"Daniel Szenasi"
"d00a109d-bba3-44f6-a551-07f30fe79209";2025-02-20T13:03:27+01:00;"view";"View case";"Daniel Szenasi"
"d00a109d-bba3-44f6-a551-07f30fe79209";2025-02-20T13:02:39+01:00;"view";"View case";"Daniel Szenasi"
"d00a109d-bba3-44f6-a551-07f30fe79209";2025-02-20T12:48:09+01:00;"view";"View case";"Daniel Szenasi"
"d00a109d-bba3-44f6-a551-07f30fe79209";2025-02-20T12:27:52+01:00;"view";"View case";"Daniel Szenasi"
"d00a109d-bba3-44f6-a551-07f30fe79209";2025-02-20T10:43:02+01:00;"view";"View case";"Daniel Szenasi"
"d00a109d-bba3-44f6-a551-07f30fe79209";2025-02-20T10:42:36+01:00;"add";"Create Section for undefined Report";"Daniel Szenasi"
"d00a109d-bba3-44f6-a551-07f30fe79209";2025-02-20T10:42:32+01:00;"view";"View case";"Daniel Szenasi"
"d00a109d-bba3-44f6-a551-07f30fe79209";2025-02-20T10:41:36+01:00;"view";"View case";"Daniel Szenasi"
"d00a109d-bba3-44f6-a551-07f30fe79209";2025-02-20T10:34:10+01:00;"view";"View case";"Daniel Szenasi"
"d00a109d-bba3-44f6-a551-07f30fe79209";2025-02-20T09:42:34+01:00;"view";"View case";"Daniel Szenasi"
"d00a109d-bba3-44f6-a551-07f30fe79209";2025-02-20T09:41:16+01:00;"view";"View case";"Daniel Szenasi"
"d00a109d-bba3-44f6-a551-07f30fe79209";2025-02-20T09:21:49+01:00;"view";"View case";"Daniel Szenasi"
"d00a109d-bba3-44f6-a551-07f30fe79209";2025-02-20T08:52:46+01:00;"view";"View case";"Daniel Szenasi"
"d00a109d-bba3-44f6-a551-07f30fe79209";2025-02-20T08:37:40+01:00;"view";"View case";"Daniel Szenasi"
"d00a109d-bba3-44f6-a551-07f30fe79209";2025-02-20T08:36:54+01:00;"view";"View case";"Daniel Szenasi"
"d00a109d-bba3-44f6-a551-07f30fe79209";2025-02-20T08:25:09+01:00;"view";"View case";"Daniel Szenasi"
"d00a109d-bba3-44f6-a551-07f30fe79209";2025-02-20T08:21:28+01:00;"view";"View case";"Daniel Szenasi"
"d00a109d-bba3-44f6-a551-07f30fe79209";2025-02-20T08:09:59+01:00;"view";"View case";"Daniel Szenasi"
"d00a109d-bba3-44f6-a551-07f30fe79209";2025-02-20T08:06:57+01:00;"add";"Create undefined Report";"Daniel Szenasi"
"d00a109d-bba3-44f6-a551-07f30fe79209";2025-02-20T08:06:08+01:00;"view";"View case";"Daniel Szenasi"
"d00a109d-bba3-44f6-a551-07f30fe79209";2025-02-20T08:06:05+01:00;"view";"View case";"Daniel Szenasi"
"d00a109d-bba3-44f6-a551-07f30fe79209";2025-02-20T08:06:01+01:00;"create";"Create case";"Daniel Szenasi"
