"case_id";"date";"action";"description";"user"
"3e3a5489-225a-4df1-a032-e370e861c278";2025-05-21T15:29:24+02:00;"view";"View case";" Anna Krisztina Németh"
"3e3a5489-225a-4df1-a032-e370e861c278";2025-05-21T15:29:16+02:00;"view";"View case";" Anna Krisztina Németh"
"3e3a5489-225a-4df1-a032-e370e861c278";2025-05-21T15:29:15+02:00;"create";"Create case";" Anna Krisztina Németh"
"3e3a5489-225a-4df1-a032-e370e861c278";2025-05-21T15:29:15+02:00;"update";"Link transactions";" Anna Krisztina Németh"
