"case_id";"date";"action";"description";"user"
"8dc8f49a-a07d-448b-9a4c-548aa8147126";2025-03-05T08:26:46+01:00;"view";"View case";"Daniel Szenasi"
"8dc8f49a-a07d-448b-9a4c-548aa8147126";2025-03-04T14:35:51+01:00;"view";"View case";"Daniel Szenasi"
"8dc8f49a-a07d-448b-9a4c-548aa8147126";2025-03-03T11:20:03+01:00;"view";"View case";"ZsoltSupreme"
"8dc8f49a-a07d-448b-9a4c-548aa8147126";2025-02-28T09:29:05+01:00;"view";"View case";"Bence Boros mr. Context"
"8dc8f49a-a07d-448b-9a4c-548aa8147126";2025-02-27T15:50:29+01:00;"view";"View case";"Daniel Szenasi"
"8dc8f49a-a07d-448b-9a4c-548aa8147126";2025-02-27T15:50:07+01:00;"view";"View case";"Daniel Szenasi"
"8dc8f49a-a07d-448b-9a4c-548aa8147126";2025-02-27T15:49:05+01:00;"view";"View case";"Daniel Szenasi"
"8dc8f49a-a07d-448b-9a4c-548aa8147126";2025-02-21T15:03:57+01:00;"view";"View case";"Daniel Szenasi"
"8dc8f49a-a07d-448b-9a4c-548aa8147126";2025-02-21T14:11:49+01:00;"view";"View case";"Daniel Szenasi"
"8dc8f49a-a07d-448b-9a4c-548aa8147126";2025-02-21T14:11:36+01:00;"view";"View case";"Daniel Szenasi"
"8dc8f49a-a07d-448b-9a4c-548aa8147126";2025-02-21T14:11:35+01:00;"view";"View case";"Daniel Szenasi"
"8dc8f49a-a07d-448b-9a4c-548aa8147126";2025-02-21T13:49:07+01:00;"view";"View case";"Daniel Szenasi"
"8dc8f49a-a07d-448b-9a4c-548aa8147126";2025-02-21T13:41:14+01:00;"view";"View case";"Daniel Szenasi"
"8dc8f49a-a07d-448b-9a4c-548aa8147126";2025-02-21T13:38:50+01:00;"view";"View case";"Daniel Szenasi"
"8dc8f49a-a07d-448b-9a4c-548aa8147126";2025-02-21T13:37:54+01:00;"add";"Create undefined Report";"Daniel Szenasi"
"8dc8f49a-a07d-448b-9a4c-548aa8147126";2025-02-21T13:37:51+01:00;"view";"View case";"Daniel Szenasi"
"8dc8f49a-a07d-448b-9a4c-548aa8147126";2025-02-21T13:37:47+01:00;"create";"Create case";"Daniel Szenasi"
