"case_id";"date";"action";"description";"user"
"91d80ec6-5855-4bf0-b288-177d58fbc265";2025-05-22T09:24:17+02:00;"view";"View case";" Anna Krisztina Németh"
"91d80ec6-5855-4bf0-b288-177d58fbc265";2025-05-22T09:22:54+02:00;"create";"Create case";" Anna Krisztina Németh"
"91d80ec6-5855-4bf0-b288-177d58fbc265";2025-05-22T09:22:54+02:00;"update";"Link transactions";" Anna Krisztina Németh"
"91d80ec6-5855-4bf0-b288-177d58fbc265";2025-05-22T09:22:54+02:00;"update";"Link alerts";" Anna Krisztina Németh"
