"case_id";"date";"action";"description";"user"
"a8dc300c-44fd-44d3-8feb-1dcf7804f736";2025-05-21T15:53:13+02:00;"view";"View case";"Zsofia Abraham"
"a8dc300c-44fd-44d3-8feb-1dcf7804f736";2025-05-21T15:52:12+02:00;"view";"View case";"Zsofia Abraham"
"a8dc300c-44fd-44d3-8feb-1dcf7804f736";2025-05-21T15:52:11+02:00;"create";"Create case";"Zsofia Abraham"
"a8dc300c-44fd-44d3-8feb-1dcf7804f736";2025-05-21T15:52:11+02:00;"update";"Link transactions";"Zsofia Abraham"
"a8dc300c-44fd-44d3-8feb-1dcf7804f736";2025-05-21T15:52:11+02:00;"update";"Link alerts";"Zsofia Abraham"
