"case_id";"date";"action";"description";"user"
"2c0c4a39-fcf8-4969-aa68-e09917821626";2025-02-20T13:26:38+01:00;"view";"View case";"Akos Sereg"
"2c0c4a39-fcf8-4969-aa68-e09917821626";2025-02-20T13:26:36+01:00;"view";"View case";"Akos Sereg"
"2c0c4a39-fcf8-4969-aa68-e09917821626";2025-02-20T13:26:34+01:00;"view";"View case";"Akos Sereg"
"2c0c4a39-fcf8-4969-aa68-e09917821626";2025-02-14T12:42:29+01:00;"view";"View case";"Zsofia Abraham"
"2c0c4a39-fcf8-4969-aa68-e09917821626";2025-02-06T16:09:27+01:00;"view";"View case";"Bence Boros mr. Context"
