"case_id";"date";"action";"description";"user"
"a2d334bd-d3fa-45bf-90d4-9ea4337843ce";2025-05-21T15:05:44+02:00;"view";"View case";"Zsofia Abraham"
"a2d334bd-d3fa-45bf-90d4-9ea4337843ce";2025-05-21T15:05:42+02:00;"view";"View case";"Zsofia Abraham"
"a2d334bd-d3fa-45bf-90d4-9ea4337843ce";2025-05-21T15:05:36+02:00;"view";"View case";"Zsofia Abraham"
"a2d334bd-d3fa-45bf-90d4-9ea4337843ce";2025-05-21T15:05:35+02:00;"create";"Create case";"Zsofia Abraham"
"a2d334bd-d3fa-45bf-90d4-9ea4337843ce";2025-05-21T15:05:35+02:00;"update";"Link transactions";"Zsofia Abraham"
"a2d334bd-d3fa-45bf-90d4-9ea4337843ce";2025-05-21T15:05:35+02:00;"update";"Link alerts";"Zsofia Abraham"
