"case_id";"date";"action";"description";"user"
"86440eab-7879-4c43-8402-cf1593b183da";2025-05-30T16:35:29+02:00;"view";"View case";"Zsofia Abraham"
"86440eab-7879-4c43-8402-cf1593b183da";2025-05-30T16:35:19+02:00;"checklist";"Checked Review the details of the large transaction.";"Zsofia Abraham"
"86440eab-7879-4c43-8402-cf1593b183da";2025-05-30T16:35:18+02:00;"view";"View case";"Zsofia Abraham"
"86440eab-7879-4c43-8402-cf1593b183da";2025-05-23T10:46:11+02:00;"view";"View case";" Anna Krisztina Németh"
"86440eab-7879-4c43-8402-cf1593b183da";2025-05-23T10:40:23+02:00;"view";"View case";" Anna Krisztina Németh"
"86440eab-7879-4c43-8402-cf1593b183da";2025-05-23T10:31:35+02:00;"view";"View case";" Anna Krisztina Németh"
"86440eab-7879-4c43-8402-cf1593b183da";2025-05-23T10:29:16+02:00;"view";"View case";" Anna Krisztina Németh"
"86440eab-7879-4c43-8402-cf1593b183da";2025-05-23T10:29:13+02:00;"view";"View case";" Anna Krisztina Németh"
"86440eab-7879-4c43-8402-cf1593b183da";2025-05-23T10:29:11+02:00;"view";"View case";" Anna Krisztina Németh"
"86440eab-7879-4c43-8402-cf1593b183da";2025-05-23T10:29:09+02:00;"view";"View case";" Anna Krisztina Németh"
"86440eab-7879-4c43-8402-cf1593b183da";2025-05-23T10:27:07+02:00;"view";"View case";" Anna Krisztina Németh"
"86440eab-7879-4c43-8402-cf1593b183da";2025-05-23T10:26:54+02:00;"create";"Create case";" Anna Krisztina Németh"
"86440eab-7879-4c43-8402-cf1593b183da";2025-05-23T10:26:54+02:00;"update";"Link transactions";" Anna Krisztina Németh"
"86440eab-7879-4c43-8402-cf1593b183da";2025-05-23T10:26:54+02:00;"update";"Link alerts";" Anna Krisztina Németh"
