"case_id";"date";"action";"description";"user"
"294f123a-6f9f-46df-8e16-172c05da4649";2025-02-20T08:56:25+01:00;"view";"View case";"Akos Sereg"
"294f123a-6f9f-46df-8e16-172c05da4649";2025-02-18T14:12:15+01:00;"view";"View case";"Akos Sereg"
"294f123a-6f9f-46df-8e16-172c05da4649";2025-02-18T14:12:10+01:00;"update";"Link transactions";"Akos Sereg"
"294f123a-6f9f-46df-8e16-172c05da4649";2025-02-18T13:57:51+01:00;"view";"View case";"Akos Sereg"
"294f123a-6f9f-46df-8e16-172c05da4649";2025-02-18T10:46:03+01:00;"view";"View case";"Akos Sereg"
"294f123a-6f9f-46df-8e16-172c05da4649";2025-02-18T10:46:00+01:00;"update";"Link transactions";"Akos Sereg"
"294f123a-6f9f-46df-8e16-172c05da4649";2025-02-18T10:45:51+01:00;"view";"View case";"Akos Sereg"
