"case_id";"date";"action";"description";"user"
"69aff2a6-5be6-4b5f-9e36-bed03166fafc";2025-02-21T09:09:26+01:00;"view";"View case";"Zsofia Abraham"
"69aff2a6-5be6-4b5f-9e36-bed03166fafc";2025-02-21T09:09:25+01:00;"view";"View case";"Zsofia Abraham"
"69aff2a6-5be6-4b5f-9e36-bed03166fafc";2025-02-20T13:43:14+01:00;"view";"View case";"Akos Sereg"
"69aff2a6-5be6-4b5f-9e36-bed03166fafc";2025-02-20T13:41:42+01:00;"view";"View case";"Akos Sereg"
"69aff2a6-5be6-4b5f-9e36-bed03166fafc";2025-02-20T13:41:36+01:00;"view";"View case";"Akos Sereg"
"69aff2a6-5be6-4b5f-9e36-bed03166fafc";2025-02-20T07:43:38+01:00;"view";"View case";"Daniel Szenasi"
"69aff2a6-5be6-4b5f-9e36-bed03166fafc";2025-02-19T20:29:11+01:00;"view";"View case";"Daniel Szenasi"
"69aff2a6-5be6-4b5f-9e36-bed03166fafc";2025-02-19T16:07:54+01:00;"view";"View case";"Daniel Szenasi"
"69aff2a6-5be6-4b5f-9e36-bed03166fafc";2025-02-19T16:07:43+01:00;"view";"View case";"Daniel Szenasi"
"69aff2a6-5be6-4b5f-9e36-bed03166fafc";2025-02-19T16:07:39+01:00;"view";"View case";"Daniel Szenasi"
"69aff2a6-5be6-4b5f-9e36-bed03166fafc";2025-02-19T16:06:28+01:00;"view";"View case";"Daniel Szenasi"
"69aff2a6-5be6-4b5f-9e36-bed03166fafc";2025-02-19T16:05:20+01:00;"view";"View case";"Daniel Szenasi"
"69aff2a6-5be6-4b5f-9e36-bed03166fafc";2025-02-19T16:04:46+01:00;"view";"View case";"Daniel Szenasi"
"69aff2a6-5be6-4b5f-9e36-bed03166fafc";2025-02-19T16:04:43+01:00;"view";"View case";"Daniel Szenasi"
"69aff2a6-5be6-4b5f-9e36-bed03166fafc";2025-02-19T16:04:38+01:00;"create";"Create case";"Daniel Szenasi"
