"case_id";"date";"action";"description";"user"
"0fbd8aa6-b5f3-4fde-a643-d12b965d0bc5";2025-05-22T09:43:52+02:00;"view";"View case";" Anna Krisztina Németh"
"0fbd8aa6-b5f3-4fde-a643-d12b965d0bc5";2025-05-22T09:43:41+02:00;"create";"Create case";" Anna Krisztina Németh"
"0fbd8aa6-b5f3-4fde-a643-d12b965d0bc5";2025-05-22T09:43:41+02:00;"update";"Link transactions";" Anna Krisztina Németh"
"0fbd8aa6-b5f3-4fde-a643-d12b965d0bc5";2025-05-22T09:43:41+02:00;"update";"Link alerts";" Anna Krisztina Németh"
