"case_id";"date";"action";"description";"user"
"fe73aa18-8422-4339-9fce-9f2c993b7374";2025-04-29T16:00:07+02:00;"view";"View case";"Zsofia Abraham"
"fe73aa18-8422-4339-9fce-9f2c993b7374";2025-04-28T15:15:47+02:00;"view";"View case";"Zsofia Abraham"
"fe73aa18-8422-4339-9fce-9f2c993b7374";2025-04-28T14:29:16+02:00;"view";"View case";"Zsofia Abraham"
"fe73aa18-8422-4339-9fce-9f2c993b7374";2025-04-28T14:11:03+02:00;"view";"View case";"Zsofia Abraham"
"fe73aa18-8422-4339-9fce-9f2c993b7374";2025-04-28T14:05:21+02:00;"view";"View case";"Zsofia Abraham"
"fe73aa18-8422-4339-9fce-9f2c993b7374";2025-04-28T14:05:19+02:00;"view";"View case";"Zsofia Abraham"
"fe73aa18-8422-4339-9fce-9f2c993b7374";2025-04-28T14:05:13+02:00;"view";"View case";"Zsofia Abraham"
"fe73aa18-8422-4339-9fce-9f2c993b7374";2025-04-28T14:04:27+02:00;"view";"View case";"Zsofia Abraham"
"fe73aa18-8422-4339-9fce-9f2c993b7374";2025-04-28T14:04:25+02:00;"create";"Create case";"Zsofia Abraham"
"fe73aa18-8422-4339-9fce-9f2c993b7374";2025-04-28T14:04:25+02:00;"update";"Link transactions";"Zsofia Abraham"
"fe73aa18-8422-4339-9fce-9f2c993b7374";2025-04-28T14:04:25+02:00;"update";"Link alerts";"Zsofia Abraham"
