"case_id";"date";"action";"description";"user"
"39428000-d28c-4bc4-929e-357abbce7928";2025-05-22T09:22:06+02:00;"view";"View case";" Anna Krisztina Németh"
"39428000-d28c-4bc4-929e-357abbce7928";2025-05-22T09:19:04+02:00;"create";"Create case";" Anna Krisztina Németh"
"39428000-d28c-4bc4-929e-357abbce7928";2025-05-22T09:19:04+02:00;"update";"Link transactions";" Anna Krisztina Németh"
"39428000-d28c-4bc4-929e-357abbce7928";2025-05-22T09:19:04+02:00;"update";"Link alerts";" Anna Krisztina Németh"
