"case_id";"date";"action";"description";"user"
"2bbb6730-25b0-435a-9f25-19c2deacb238";2025-02-24T14:13:28+01:00;"add-note";"alm note 2";" Anna Krisztina Németh"
"2bbb6730-25b0-435a-9f25-19c2deacb238";2025-02-24T14:12:55+01:00;"add-note";"alma note 1";" Anna Krisztina Németh"
"2bbb6730-25b0-435a-9f25-19c2deacb238";2025-02-24T14:12:49+01:00;"view";"View case";" Anna Krisztina Németh"
"2bbb6730-25b0-435a-9f25-19c2deacb238";2025-02-21T17:11:01+01:00;"view";"View case";"Daniel Szenasi"
"2bbb6730-25b0-435a-9f25-19c2deacb238";2025-02-21T17:10:59+01:00;"view";"View case";"Daniel Szenasi"
"2bbb6730-25b0-435a-9f25-19c2deacb238";2025-02-21T17:10:55+01:00;"create";"Create case";"Daniel Szenasi"
