"case_id";"date";"action";"description";"user"
"4ddc60b9-ab93-41a1-9ba3-fad54f3428f9";2025-04-28T16:08:23+02:00;"view";"View case";"Zsofia Abraham"
"4ddc60b9-ab93-41a1-9ba3-fad54f3428f9";2025-04-28T15:07:49+02:00;"view";"View case";"Zsofia Abraham"
"4ddc60b9-ab93-41a1-9ba3-fad54f3428f9";2025-04-28T15:06:35+02:00;"view";"View case";"Bence Boros mr. Context"
"4ddc60b9-ab93-41a1-9ba3-fad54f3428f9";2025-04-28T15:05:43+02:00;"create";"Create case";"Bence Boros mr. Context"
"4ddc60b9-ab93-41a1-9ba3-fad54f3428f9";2025-04-28T15:05:43+02:00;"update";"Link transactions";"Bence Boros mr. Context"
"4ddc60b9-ab93-41a1-9ba3-fad54f3428f9";2025-04-28T15:05:43+02:00;"update";"Link alerts";"Bence Boros mr. Context"
