"case_id";"date";"action";"description";"user"
"e6f24887-7782-491e-8395-5a2deb7ae5a2";2025-04-29T16:00:07+02:00;"view";"View case";"Zsofia Abraham"
"e6f24887-7782-491e-8395-5a2deb7ae5a2";2025-04-28T15:15:47+02:00;"view";"View case";"Zsofia Abraham"
"e6f24887-7782-491e-8395-5a2deb7ae5a2";2025-04-28T14:10:33+02:00;"view";"View case";"Zsofia Abraham"
"e6f24887-7782-491e-8395-5a2deb7ae5a2";2025-04-28T14:10:32+02:00;"view";"View case";"Zsofia Abraham"
"e6f24887-7782-491e-8395-5a2deb7ae5a2";2025-04-28T14:10:24+02:00;"view";"View case";"Zsofia Abraham"
"e6f24887-7782-491e-8395-5a2deb7ae5a2";2025-04-28T14:10:21+02:00;"view";"View case";"Zsofia Abraham"
"e6f24887-7782-491e-8395-5a2deb7ae5a2";2025-04-28T14:10:16+02:00;"view";"View case";"Zsofia Abraham"
"e6f24887-7782-491e-8395-5a2deb7ae5a2";2025-04-28T14:03:42+02:00;"view";"View case";"Zsofia Abraham"
"e6f24887-7782-491e-8395-5a2deb7ae5a2";2025-04-28T14:03:41+02:00;"create";"Create case";"Zsofia Abraham"
"e6f24887-7782-491e-8395-5a2deb7ae5a2";2025-04-28T14:03:41+02:00;"update";"Link transactions";"Zsofia Abraham"
"e6f24887-7782-491e-8395-5a2deb7ae5a2";2025-04-28T14:03:41+02:00;"update";"Link alerts";"Zsofia Abraham"
