"case_id";"date";"action";"description";"user"
"2b9a73df-ba07-49ec-bab0-a93aa74b3b02";2025-04-07T15:19:54+02:00;"view";"View case";"Daniel Szenasi"
"2b9a73df-ba07-49ec-bab0-a93aa74b3b02";2025-03-06T09:16:29+01:00;"view";"View case";"Daniel Szenasi"
"2b9a73df-ba07-49ec-bab0-a93aa74b3b02";2025-03-06T09:14:45+01:00;"delete";"Delete Report";"Daniel Szenasi"
"2b9a73df-ba07-49ec-bab0-a93aa74b3b02";2025-03-06T09:14:36+01:00;"delete";"Delete Report";"Daniel Szenasi"
"2b9a73df-ba07-49ec-bab0-a93aa74b3b02";2025-03-06T09:14:30+01:00;"view";"View case";"Daniel Szenasi"
"2b9a73df-ba07-49ec-bab0-a93aa74b3b02";2025-03-06T09:03:10+01:00;"view";"View case";"Daniel Szenasi"
"2b9a73df-ba07-49ec-bab0-a93aa74b3b02";2025-03-06T08:37:21+01:00;"view";"View case";"Daniel Szenasi"
"2b9a73df-ba07-49ec-bab0-a93aa74b3b02";2025-03-06T08:31:21+01:00;"view";"View case";"Daniel Szenasi"
"2b9a73df-ba07-49ec-bab0-a93aa74b3b02";2025-03-06T08:27:44+01:00;"delete";"Delete Report";"Daniel Szenasi"
"2b9a73df-ba07-49ec-bab0-a93aa74b3b02";2025-03-06T07:54:32+01:00;"view";"View case";"Daniel Szenasi"
"2b9a73df-ba07-49ec-bab0-a93aa74b3b02";2025-03-06T07:53:39+01:00;"delete";"Delete Report";"Daniel Szenasi"
"2b9a73df-ba07-49ec-bab0-a93aa74b3b02";2025-03-06T07:52:08+01:00;"view";"View case";"Daniel Szenasi"
"2b9a73df-ba07-49ec-bab0-a93aa74b3b02";2025-03-06T07:48:29+01:00;"view";"View case";"Daniel Szenasi"
"2b9a73df-ba07-49ec-bab0-a93aa74b3b02";2025-03-06T07:48:02+01:00;"delete";"Delete Report";"Daniel Szenasi"
"2b9a73df-ba07-49ec-bab0-a93aa74b3b02";2025-03-06T07:47:41+01:00;"delete";"Delete Report";"Daniel Szenasi"
"2b9a73df-ba07-49ec-bab0-a93aa74b3b02";2025-03-06T07:47:21+01:00;"view";"View case";"Daniel Szenasi"
"2b9a73df-ba07-49ec-bab0-a93aa74b3b02";2025-03-06T07:12:56+01:00;"view";"View case";"Daniel Szenasi"
"2b9a73df-ba07-49ec-bab0-a93aa74b3b02";2025-03-05T13:38:40+01:00;"view";"View case";"Daniel Szenasi"
"2b9a73df-ba07-49ec-bab0-a93aa74b3b02";2025-03-05T11:33:53+01:00;"view";"View case";"Daniel Szenasi"
"2b9a73df-ba07-49ec-bab0-a93aa74b3b02";2025-03-05T11:32:32+01:00;"view";"View case";"Daniel Szenasi"
"2b9a73df-ba07-49ec-bab0-a93aa74b3b02";2025-03-05T11:31:27+01:00;"view";"View case";"Daniel Szenasi"
"2b9a73df-ba07-49ec-bab0-a93aa74b3b02";2025-03-05T11:20:42+01:00;"view";"View case";"Daniel Szenasi"
"2b9a73df-ba07-49ec-bab0-a93aa74b3b02";2025-03-05T11:20:35+01:00;"view";"View case";"Daniel Szenasi"
"2b9a73df-ba07-49ec-bab0-a93aa74b3b02";2025-03-05T11:16:59+01:00;"view";"View case";"Daniel Szenasi"
"2b9a73df-ba07-49ec-bab0-a93aa74b3b02";2025-03-05T11:14:12+01:00;"view";"View case";"Daniel Szenasi"
"2b9a73df-ba07-49ec-bab0-a93aa74b3b02";2025-03-05T11:10:16+01:00;"view";"View case";"Daniel Szenasi"
"2b9a73df-ba07-49ec-bab0-a93aa74b3b02";2025-03-05T09:42:56+01:00;"view";"View case";"Daniel Szenasi"
"2b9a73df-ba07-49ec-bab0-a93aa74b3b02";2025-03-05T08:59:36+01:00;"view";"View case";"Daniel Szenasi"
"2b9a73df-ba07-49ec-bab0-a93aa74b3b02";2025-03-05T08:25:30+01:00;"view";"View case";"Daniel Szenasi"
"2b9a73df-ba07-49ec-bab0-a93aa74b3b02";2025-03-05T08:25:25+01:00;"view";"View case";"Daniel Szenasi"
"2b9a73df-ba07-49ec-bab0-a93aa74b3b02";2025-03-05T08:13:27+01:00;"view";"View case";"Daniel Szenasi"
"2b9a73df-ba07-49ec-bab0-a93aa74b3b02";2025-03-05T08:13:22+01:00;"view";"View case";"Daniel Szenasi"
"2b9a73df-ba07-49ec-bab0-a93aa74b3b02";2025-03-05T08:13:08+01:00;"delete";"Delete Report";"Daniel Szenasi"
"2b9a73df-ba07-49ec-bab0-a93aa74b3b02";2025-03-05T08:12:51+01:00;"view";"View case";"Daniel Szenasi"
"2b9a73df-ba07-49ec-bab0-a93aa74b3b02";2025-03-05T08:12:38+01:00;"view";"View case";"Daniel Szenasi"
"2b9a73df-ba07-49ec-bab0-a93aa74b3b02";2025-03-05T08:12:25+01:00;"delete";"Delete Report";"Daniel Szenasi"
"2b9a73df-ba07-49ec-bab0-a93aa74b3b02";2025-03-05T08:12:15+01:00;"delete";"Delete Report";"Daniel Szenasi"
"2b9a73df-ba07-49ec-bab0-a93aa74b3b02";2025-03-05T08:11:56+01:00;"view";"View case";"Daniel Szenasi"
"2b9a73df-ba07-49ec-bab0-a93aa74b3b02";2025-03-04T15:28:02+01:00;"view";"View case";"Daniel Szenasi"
"2b9a73df-ba07-49ec-bab0-a93aa74b3b02";2025-03-04T15:04:15+01:00;"view";"View case";"Daniel Szenasi"
"2b9a73df-ba07-49ec-bab0-a93aa74b3b02";2025-03-04T15:03:56+01:00;"view";"View case";"Daniel Szenasi"
"2b9a73df-ba07-49ec-bab0-a93aa74b3b02";2025-03-04T15:02:47+01:00;"delete";"Delete Report";"Daniel Szenasi"
"2b9a73df-ba07-49ec-bab0-a93aa74b3b02";2025-03-04T15:01:22+01:00;"view";"View case";"Daniel Szenasi"
"2b9a73df-ba07-49ec-bab0-a93aa74b3b02";2025-03-04T14:56:37+01:00;"view";"View case";"Daniel Szenasi"
"2b9a73df-ba07-49ec-bab0-a93aa74b3b02";2025-03-04T14:49:49+01:00;"view";"View case";"Daniel Szenasi"
"2b9a73df-ba07-49ec-bab0-a93aa74b3b02";2025-03-04T14:34:01+01:00;"view";"View case";"Daniel Szenasi"
"2b9a73df-ba07-49ec-bab0-a93aa74b3b02";2025-03-04T14:33:15+01:00;"view";"View case";"Daniel Szenasi"
"2b9a73df-ba07-49ec-bab0-a93aa74b3b02";2025-03-04T14:31:25+01:00;"view";"View case";"Daniel Szenasi"
"2b9a73df-ba07-49ec-bab0-a93aa74b3b02";2025-03-04T14:29:13+01:00;"delete";"Delete Report";"Daniel Szenasi"
"2b9a73df-ba07-49ec-bab0-a93aa74b3b02";2025-03-04T14:28:30+01:00;"delete";"Delete Report";"Daniel Szenasi"
"2b9a73df-ba07-49ec-bab0-a93aa74b3b02";2025-03-04T14:28:09+01:00;"view";"View case";"Daniel Szenasi"
"2b9a73df-ba07-49ec-bab0-a93aa74b3b02";2025-03-04T14:11:27+01:00;"delete";"Delete Report";"Daniel Szenasi"
"2b9a73df-ba07-49ec-bab0-a93aa74b3b02";2025-03-04T14:11:19+01:00;"view";"View case";"Daniel Szenasi"
"2b9a73df-ba07-49ec-bab0-a93aa74b3b02";2025-03-04T14:08:42+01:00;"delete";"Delete Report";"Daniel Szenasi"
"2b9a73df-ba07-49ec-bab0-a93aa74b3b02";2025-03-04T14:07:19+01:00;"view";"View case";"Daniel Szenasi"
"2b9a73df-ba07-49ec-bab0-a93aa74b3b02";2025-03-04T14:06:54+01:00;"delete";"Delete Report";"Daniel Szenasi"
"2b9a73df-ba07-49ec-bab0-a93aa74b3b02";2025-03-04T14:06:48+01:00;"view";"View case";"Daniel Szenasi"
"2b9a73df-ba07-49ec-bab0-a93aa74b3b02";2025-03-04T13:47:12+01:00;"view";"View case";"Daniel Szenasi"
"2b9a73df-ba07-49ec-bab0-a93aa74b3b02";2025-03-04T13:46:09+01:00;"delete";"Delete Report";"Daniel Szenasi"
"2b9a73df-ba07-49ec-bab0-a93aa74b3b02";2025-03-04T13:46:00+01:00;"view";"View case";"Daniel Szenasi"
"2b9a73df-ba07-49ec-bab0-a93aa74b3b02";2025-03-04T13:33:28+01:00;"view";"View case";"Daniel Szenasi"
"2b9a73df-ba07-49ec-bab0-a93aa74b3b02";2025-03-04T13:22:30+01:00;"view";"View case";"Daniel Szenasi"
"2b9a73df-ba07-49ec-bab0-a93aa74b3b02";2025-03-04T13:13:30+01:00;"delete";"Delete Report";"Daniel Szenasi"
"2b9a73df-ba07-49ec-bab0-a93aa74b3b02";2025-03-04T13:13:06+01:00;"view";"View case";"Daniel Szenasi"
"2b9a73df-ba07-49ec-bab0-a93aa74b3b02";2025-03-04T11:09:23+01:00;"view";"View case";"Daniel Szenasi"
"2b9a73df-ba07-49ec-bab0-a93aa74b3b02";2025-03-04T11:07:57+01:00;"view";"View case";"Daniel Szenasi"
"2b9a73df-ba07-49ec-bab0-a93aa74b3b02";2025-03-04T11:06:45+01:00;"view";"View case";"Daniel Szenasi"
"2b9a73df-ba07-49ec-bab0-a93aa74b3b02";2025-03-04T11:05:07+01:00;"view";"View case";"Daniel Szenasi"
"2b9a73df-ba07-49ec-bab0-a93aa74b3b02";2025-03-04T11:04:55+01:00;"delete";"Delete Report";"Daniel Szenasi"
"2b9a73df-ba07-49ec-bab0-a93aa74b3b02";2025-03-04T11:04:50+01:00;"view";"View case";"Daniel Szenasi"
"2b9a73df-ba07-49ec-bab0-a93aa74b3b02";2025-03-04T11:04:38+01:00;"delete";"Delete Report";"Daniel Szenasi"
"2b9a73df-ba07-49ec-bab0-a93aa74b3b02";2025-03-04T11:04:33+01:00;"view";"View case";"Daniel Szenasi"
"2b9a73df-ba07-49ec-bab0-a93aa74b3b02";2025-03-04T11:04:20+01:00;"delete";"Delete Report";"Daniel Szenasi"
"2b9a73df-ba07-49ec-bab0-a93aa74b3b02";2025-03-04T11:04:14+01:00;"view";"View case";"Daniel Szenasi"
"2b9a73df-ba07-49ec-bab0-a93aa74b3b02";2025-03-04T11:04:02+01:00;"delete";"Delete Report";"Daniel Szenasi"
"2b9a73df-ba07-49ec-bab0-a93aa74b3b02";2025-03-04T11:03:58+01:00;"view";"View case";"Daniel Szenasi"
"2b9a73df-ba07-49ec-bab0-a93aa74b3b02";2025-03-04T11:03:37+01:00;"view";"View case";"Daniel Szenasi"
"2b9a73df-ba07-49ec-bab0-a93aa74b3b02";2025-03-04T10:49:27+01:00;"view";"View case";"Daniel Szenasi"
"2b9a73df-ba07-49ec-bab0-a93aa74b3b02";2025-03-04T10:49:03+01:00;"view";"View case";"Daniel Szenasi"
"2b9a73df-ba07-49ec-bab0-a93aa74b3b02";2025-03-04T10:48:56+01:00;"view";"View case";"Daniel Szenasi"
"2b9a73df-ba07-49ec-bab0-a93aa74b3b02";2025-03-04T10:48:46+01:00;"delete";"Delete Report";"Daniel Szenasi"
"2b9a73df-ba07-49ec-bab0-a93aa74b3b02";2025-03-04T10:48:42+01:00;"view";"View case";"Daniel Szenasi"
"2b9a73df-ba07-49ec-bab0-a93aa74b3b02";2025-03-04T10:36:36+01:00;"view";"View case";"Daniel Szenasi"
"2b9a73df-ba07-49ec-bab0-a93aa74b3b02";2025-03-04T10:30:16+01:00;"view";"View case";"Daniel Szenasi"
"2b9a73df-ba07-49ec-bab0-a93aa74b3b02";2025-03-04T10:28:51+01:00;"view";"View case";"Daniel Szenasi"
"2b9a73df-ba07-49ec-bab0-a93aa74b3b02";2025-03-04T10:21:25+01:00;"view";"View case";"Daniel Szenasi"
"2b9a73df-ba07-49ec-bab0-a93aa74b3b02";2025-03-04T10:18:58+01:00;"view";"View case";"Daniel Szenasi"
"2b9a73df-ba07-49ec-bab0-a93aa74b3b02";2025-03-04T10:16:22+01:00;"view";"View case";"Daniel Szenasi"
"2b9a73df-ba07-49ec-bab0-a93aa74b3b02";2025-03-04T10:15:05+01:00;"view";"View case";"Daniel Szenasi"
"2b9a73df-ba07-49ec-bab0-a93aa74b3b02";2025-03-04T09:41:18+01:00;"view";"View case";"Daniel Szenasi"
"2b9a73df-ba07-49ec-bab0-a93aa74b3b02";2025-03-04T09:19:03+01:00;"view";"View case";"Daniel Szenasi"
"2b9a73df-ba07-49ec-bab0-a93aa74b3b02";2025-03-04T09:14:38+01:00;"view";"View case";"Daniel Szenasi"
"2b9a73df-ba07-49ec-bab0-a93aa74b3b02";2025-03-04T09:02:13+01:00;"view";"View case";"Daniel Szenasi"
"2b9a73df-ba07-49ec-bab0-a93aa74b3b02";2025-03-03T16:52:38+01:00;"view";"View case";"Daniel Szenasi"
"2b9a73df-ba07-49ec-bab0-a93aa74b3b02";2025-03-03T16:51:55+01:00;"view";"View case";"Daniel Szenasi"
"2b9a73df-ba07-49ec-bab0-a93aa74b3b02";2025-03-03T16:50:43+01:00;"view";"View case";"Daniel Szenasi"
"2b9a73df-ba07-49ec-bab0-a93aa74b3b02";2025-03-03T16:48:08+01:00;"view";"View case";"Daniel Szenasi"
"2b9a73df-ba07-49ec-bab0-a93aa74b3b02";2025-03-03T15:58:37+01:00;"view";"View case";"Daniel Szenasi"
"2b9a73df-ba07-49ec-bab0-a93aa74b3b02";2025-03-03T15:50:57+01:00;"update";"Update case assignee";"Akos Sereg"
"2b9a73df-ba07-49ec-bab0-a93aa74b3b02";2025-03-03T15:49:52+01:00;"update";"Update case assignee";"Akos Sereg"
"2b9a73df-ba07-49ec-bab0-a93aa74b3b02";2025-03-03T14:14:55+01:00;"view";"View case";"Daniel Szenasi"
"2b9a73df-ba07-49ec-bab0-a93aa74b3b02";2025-03-03T13:53:40+01:00;"view";"View case";"Daniel Szenasi"
"2b9a73df-ba07-49ec-bab0-a93aa74b3b02";2025-03-03T13:30:28+01:00;"view";"View case";"Daniel Szenasi"
"2b9a73df-ba07-49ec-bab0-a93aa74b3b02";2025-03-03T13:29:41+01:00;"view";"View case";"Daniel Szenasi"
"2b9a73df-ba07-49ec-bab0-a93aa74b3b02";2025-03-03T13:28:40+01:00;"view";"View case";"Daniel Szenasi"
"2b9a73df-ba07-49ec-bab0-a93aa74b3b02";2025-03-03T13:27:08+01:00;"view";"View case";"Daniel Szenasi"
"2b9a73df-ba07-49ec-bab0-a93aa74b3b02";2025-03-03T12:56:28+01:00;"view";"View case";"Daniel Szenasi"
"2b9a73df-ba07-49ec-bab0-a93aa74b3b02";2025-03-03T12:41:11+01:00;"view";"View case";"Daniel Szenasi"
"2b9a73df-ba07-49ec-bab0-a93aa74b3b02";2025-03-03T12:40:14+01:00;"view";"View case";"Daniel Szenasi"
"2b9a73df-ba07-49ec-bab0-a93aa74b3b02";2025-03-03T12:04:19+01:00;"view";"View case";"Daniel Szenasi"
"2b9a73df-ba07-49ec-bab0-a93aa74b3b02";2025-03-03T11:58:41+01:00;"view";"View case";"Daniel Szenasi"
"2b9a73df-ba07-49ec-bab0-a93aa74b3b02";2025-03-03T11:34:57+01:00;"view";"View case";"Daniel Szenasi"
"2b9a73df-ba07-49ec-bab0-a93aa74b3b02";2025-03-03T10:34:59+01:00;"view";"View case";"Daniel Szenasi"
"2b9a73df-ba07-49ec-bab0-a93aa74b3b02";2025-03-03T10:34:57+01:00;"view";"View case";"Daniel Szenasi"
"2b9a73df-ba07-49ec-bab0-a93aa74b3b02";2025-02-28T14:58:54+01:00;"view";"View case";"Daniel Szenasi"
"2b9a73df-ba07-49ec-bab0-a93aa74b3b02";2025-02-28T14:36:07+01:00;"view";"View case";"Daniel Szenasi"
"2b9a73df-ba07-49ec-bab0-a93aa74b3b02";2025-02-28T14:08:28+01:00;"view";"View case";"Akos Sereg"
"2b9a73df-ba07-49ec-bab0-a93aa74b3b02";2025-02-28T13:17:28+01:00;"view";"View case";"Akos Sereg"
"2b9a73df-ba07-49ec-bab0-a93aa74b3b02";2025-02-28T13:05:58+01:00;"view";"View case";"Akos Sereg"
"2b9a73df-ba07-49ec-bab0-a93aa74b3b02";2025-02-28T13:04:57+01:00;"view";"View case";" Anna Krisztina Németh"
"2b9a73df-ba07-49ec-bab0-a93aa74b3b02";2025-02-28T13:01:44+01:00;"view";"View case";" Anna Krisztina Németh"
"2b9a73df-ba07-49ec-bab0-a93aa74b3b02";2025-02-28T13:01:10+01:00;"view";"View case";" Anna Krisztina Németh"
"2b9a73df-ba07-49ec-bab0-a93aa74b3b02";2025-02-28T12:59:44+01:00;"view";"View case";" Anna Krisztina Németh"
"2b9a73df-ba07-49ec-bab0-a93aa74b3b02";2025-02-28T12:59:40+01:00;"view";"View case";" Anna Krisztina Németh"
"2b9a73df-ba07-49ec-bab0-a93aa74b3b02";2025-02-28T12:34:07+01:00;"view";"View case";"Daniel Szenasi"
"2b9a73df-ba07-49ec-bab0-a93aa74b3b02";2025-02-28T11:24:07+01:00;"view";"View case";"Daniel Szenasi"
"2b9a73df-ba07-49ec-bab0-a93aa74b3b02";2025-02-28T11:24:02+01:00;"create";"Create case";"Daniel Szenasi"
