"case_id";"date";"action";"description";"user"
"d99927ff-611d-45a5-8217-225aeea5a7d9";2025-06-03T13:46:03+02:00;"view";"View case";"Daniel Szenasi"
"d99927ff-611d-45a5-8217-225aeea5a7d9";2025-05-22T09:01:45+02:00;"view";"View case";" Anna Krisztina Németh"
"d99927ff-611d-45a5-8217-225aeea5a7d9";2025-05-22T09:01:44+02:00;"create";"Create case";" Anna Krisztina Németh"
"d99927ff-611d-45a5-8217-225aeea5a7d9";2025-05-22T09:01:44+02:00;"update";"Link transactions";" Anna Krisztina Németh"
"d99927ff-611d-45a5-8217-225aeea5a7d9";2025-05-22T09:01:44+02:00;"update";"Link alerts";" Anna Krisztina Németh"
