"case_id";"date";"action";"description";"user"
"b441d3cd-d233-4a36-bfcf-6fae708fcc7d";2025-04-28T11:21:29+02:00;"view";"View case";"Zsofia Abraham"
"b441d3cd-d233-4a36-bfcf-6fae708fcc7d";2025-04-28T11:21:24+02:00;"view";"View case";"Zsofia Abraham"
"b441d3cd-d233-4a36-bfcf-6fae708fcc7d";2025-04-28T11:21:22+02:00;"view";"View case";"Zsofia Abraham"
"b441d3cd-d233-4a36-bfcf-6fae708fcc7d";2025-04-28T11:21:21+02:00;"create";"Create case";"Zsofia Abraham"
"b441d3cd-d233-4a36-bfcf-6fae708fcc7d";2025-04-28T11:21:21+02:00;"update";"Link transactions";"Zsofia Abraham"
"b441d3cd-d233-4a36-bfcf-6fae708fcc7d";2025-04-28T11:21:21+02:00;"update";"Link alerts";"Zsofia Abraham"
