"case_id";"date";"action";"description";"user"
"75efcc34-87c7-4aa2-90dc-9571974d5960";2025-04-02T09:30:34+02:00;"view";"View case";" Anna Krisztina Németh"
"75efcc34-87c7-4aa2-90dc-9571974d5960";2025-03-28T16:10:06+01:00;"view";"View case";"Peter Dobosi c3"
"75efcc34-87c7-4aa2-90dc-9571974d5960";2025-03-25T15:43:45+01:00;"view";"View case";"Peter Dobosi c3"
"75efcc34-87c7-4aa2-90dc-9571974d5960";2025-03-25T15:43:13+01:00;"view";"View case";"Peter Dobosi c3"
"75efcc34-87c7-4aa2-90dc-9571974d5960";2025-03-25T15:43:11+01:00;"create";"Create case";"Peter Dobosi c3"
