"case_id";"date";"action";"description";"user"
"914fcd79-faea-4969-8a4c-40a70ca89906";2025-03-20T11:16:18+01:00;"view";"View case";"Daniel Szenasi"
"914fcd79-faea-4969-8a4c-40a70ca89906";2025-03-20T11:16:13+01:00;"view";"View case";"Daniel Szenasi"
"914fcd79-faea-4969-8a4c-40a70ca89906";2025-03-20T11:16:05+01:00;"view";"View case";"Daniel Szenasi"
"914fcd79-faea-4969-8a4c-40a70ca89906";2025-03-20T11:06:10+01:00;"view";"View case";"Daniel Szenasi"
"914fcd79-faea-4969-8a4c-40a70ca89906";2025-03-20T11:06:08+01:00;"view";"View case";"Daniel Szenasi"
"914fcd79-faea-4969-8a4c-40a70ca89906";2025-03-20T11:06:01+01:00;"view";"View case";"Daniel Szenasi"
"914fcd79-faea-4969-8a4c-40a70ca89906";2025-03-19T10:42:46+01:00;"view";"View case";"Daniel Szenasi"
"914fcd79-faea-4969-8a4c-40a70ca89906";2025-03-19T10:42:42+01:00;"view";"View case";"Daniel Szenasi"
"914fcd79-faea-4969-8a4c-40a70ca89906";2025-03-19T09:05:43+01:00;"view";"View case";"Daniel Szenasi"
"914fcd79-faea-4969-8a4c-40a70ca89906";2025-03-19T09:05:41+01:00;"view";"View case";"Daniel Szenasi"
"914fcd79-faea-4969-8a4c-40a70ca89906";2025-03-19T09:05:34+01:00;"view";"View case";"Daniel Szenasi"
"914fcd79-faea-4969-8a4c-40a70ca89906";2025-03-19T09:05:30+01:00;"view";"View case";"Daniel Szenasi"
"914fcd79-faea-4969-8a4c-40a70ca89906";2025-03-19T09:05:24+01:00;"view";"View case";"Daniel Szenasi"
"914fcd79-faea-4969-8a4c-40a70ca89906";2025-03-19T09:02:26+01:00;"view";"View case";"Daniel Szenasi"
"914fcd79-faea-4969-8a4c-40a70ca89906";2025-03-19T09:02:20+01:00;"view";"View case";"Daniel Szenasi"
"914fcd79-faea-4969-8a4c-40a70ca89906";2025-03-19T09:02:18+01:00;"view";"View case";"Daniel Szenasi"
"914fcd79-faea-4969-8a4c-40a70ca89906";2025-03-19T09:02:16+01:00;"view";"View case";"Daniel Szenasi"
"914fcd79-faea-4969-8a4c-40a70ca89906";2025-03-19T09:02:01+01:00;"view";"View case";"Daniel Szenasi"
"914fcd79-faea-4969-8a4c-40a70ca89906";2025-03-19T09:01:51+01:00;"view";"View case";"Daniel Szenasi"
"914fcd79-faea-4969-8a4c-40a70ca89906";2025-03-19T09:01:44+01:00;"view";"View case";"Daniel Szenasi"
"914fcd79-faea-4969-8a4c-40a70ca89906";2025-03-19T09:01:16+01:00;"view";"View case";"Daniel Szenasi"
"914fcd79-faea-4969-8a4c-40a70ca89906";2025-03-19T09:01:13+01:00;"view";"View case";"Daniel Szenasi"
"914fcd79-faea-4969-8a4c-40a70ca89906";2025-03-19T09:01:09+01:00;"view";"View case";"Daniel Szenasi"
"914fcd79-faea-4969-8a4c-40a70ca89906";2025-03-19T09:00:33+01:00;"view";"View case";"Daniel Szenasi"
"914fcd79-faea-4969-8a4c-40a70ca89906";2025-03-19T09:00:29+01:00;"view";"View case";"Daniel Szenasi"
"914fcd79-faea-4969-8a4c-40a70ca89906";2025-03-19T09:00:21+01:00;"view";"View case";"Daniel Szenasi"
"914fcd79-faea-4969-8a4c-40a70ca89906";2025-03-19T09:00:19+01:00;"view";"View case";"Daniel Szenasi"
"914fcd79-faea-4969-8a4c-40a70ca89906";2025-03-19T09:00:17+01:00;"view";"View case";"Daniel Szenasi"
"914fcd79-faea-4969-8a4c-40a70ca89906";2025-03-19T09:00:00+01:00;"view";"View case";"Daniel Szenasi"
"914fcd79-faea-4969-8a4c-40a70ca89906";2025-03-10T14:28:18+01:00;"view";"View case";"Daniel Szenasi"
"914fcd79-faea-4969-8a4c-40a70ca89906";2025-03-10T10:13:09+01:00;"view";"View case";"Daniel Szenasi"
"914fcd79-faea-4969-8a4c-40a70ca89906";2025-03-07T14:13:52+01:00;"view";"View case";"ZsoltSupreme"
"914fcd79-faea-4969-8a4c-40a70ca89906";2025-03-05T08:30:03+01:00;"view";"View case";"Daniel Szenasi"
"914fcd79-faea-4969-8a4c-40a70ca89906";2025-03-05T08:26:56+01:00;"view";"View case";"Daniel Szenasi"
"914fcd79-faea-4969-8a4c-40a70ca89906";2025-03-05T08:26:54+01:00;"view";"View case";"Daniel Szenasi"
"914fcd79-faea-4969-8a4c-40a70ca89906";2025-03-05T08:26:53+01:00;"create";"Create case";"Daniel Szenasi"
