"case_id";"date";"action";"description";"user"
"fc22e9e2-d2dd-429d-895e-3144f2410609";2025-06-17T22:42:34+02:00;"view";"View case";"Daniel Szenasi"
"fc22e9e2-d2dd-429d-895e-3144f2410609";2025-06-17T22:42:30+02:00;"view";"View case";"Daniel Szenasi"
"fc22e9e2-d2dd-429d-895e-3144f2410609";2025-06-17T10:22:40+02:00;"view";"View case";"Balázs Hamornik"
"fc22e9e2-d2dd-429d-895e-3144f2410609";2025-06-10T15:33:23+02:00;"view";"View case";"Zsofia Abraham"
"fc22e9e2-d2dd-429d-895e-3144f2410609";2025-06-10T12:00:15+02:00;"view";"View case";"Balázs Hamornik"
"fc22e9e2-d2dd-429d-895e-3144f2410609";2025-06-10T12:00:14+02:00;"view";"View case";"Balázs Hamornik"
"fc22e9e2-d2dd-429d-895e-3144f2410609";2025-06-10T12:00:11+02:00;"view";"View case";"Balázs Hamornik"
"fc22e9e2-d2dd-429d-895e-3144f2410609";2025-06-05T12:42:29+02:00;"view";"View case";"Zsofia Abraham"
"fc22e9e2-d2dd-429d-895e-3144f2410609";2025-06-05T11:32:26+02:00;"add";"Document upload";"Zsofia Abraham"
"fc22e9e2-d2dd-429d-895e-3144f2410609";2025-06-05T11:32:12+02:00;"view";"View case";"Zsofia Abraham"
"fc22e9e2-d2dd-429d-895e-3144f2410609";2025-06-03T13:45:21+02:00;"view";"View case";"Daniel Szenasi"
"fc22e9e2-d2dd-429d-895e-3144f2410609";2025-06-03T13:44:42+02:00;"view";"View case";"Bence Boros mr. Context"
"fc22e9e2-d2dd-429d-895e-3144f2410609";2025-05-31T10:19:53+02:00;"view";"View case";"Daniel Szenasi"
"fc22e9e2-d2dd-429d-895e-3144f2410609";2025-05-31T10:19:51+02:00;"view";"View case";"Daniel Szenasi"
"fc22e9e2-d2dd-429d-895e-3144f2410609";2025-05-31T10:19:42+02:00;"view";"View case";"Daniel Szenasi"
"fc22e9e2-d2dd-429d-895e-3144f2410609";2025-05-31T10:19:41+02:00;"create";"Create case";"Daniel Szenasi"
