"case_id";"date";"action";"description";"user"
"3cd92e94-1a90-4bca-b1b2-698d289884ea";2025-03-05T10:22:22+01:00;"view";"View case";" Anna Krisztina Németh"
"3cd92e94-1a90-4bca-b1b2-698d289884ea";2025-03-05T10:22:21+01:00;"view";"View case";" Anna Krisztina Németh"
"3cd92e94-1a90-4bca-b1b2-698d289884ea";2025-02-27T09:31:04+01:00;"view";"View case";"Bence Boros mr. Context"
"3cd92e94-1a90-4bca-b1b2-698d289884ea";2025-02-25T10:52:57+01:00;"view";"View case";"Bence Boros mr. Context"
"3cd92e94-1a90-4bca-b1b2-698d289884ea";2025-02-24T19:17:36+01:00;"view";"View case";"Bence Boros mr. Context"
"3cd92e94-1a90-4bca-b1b2-698d289884ea";2025-02-21T14:11:17+01:00;"view";"View case";"Daniel Szenasi"
"3cd92e94-1a90-4bca-b1b2-698d289884ea";2025-02-21T14:11:07+01:00;"view";"View case";"Daniel Szenasi"
"3cd92e94-1a90-4bca-b1b2-698d289884ea";2025-02-21T13:33:22+01:00;"view";"View case";"Daniel Szenasi"
"3cd92e94-1a90-4bca-b1b2-698d289884ea";2025-02-21T13:33:10+01:00;"view";"View case";"Daniel Szenasi"
"3cd92e94-1a90-4bca-b1b2-698d289884ea";2025-02-21T13:30:32+01:00;"view";"View case";"Daniel Szenasi"
"3cd92e94-1a90-4bca-b1b2-698d289884ea";2025-02-21T13:30:23+01:00;"view";"View case";"Daniel Szenasi"
"3cd92e94-1a90-4bca-b1b2-698d289884ea";2025-02-21T13:28:52+01:00;"view";"View case";"Daniel Szenasi"
"3cd92e94-1a90-4bca-b1b2-698d289884ea";2025-02-21T13:28:50+01:00;"view";"View case";"Daniel Szenasi"
"3cd92e94-1a90-4bca-b1b2-698d289884ea";2025-02-21T13:26:13+01:00;"view";"View case";"Daniel Szenasi"
"3cd92e94-1a90-4bca-b1b2-698d289884ea";2025-02-21T13:25:56+01:00;"view";"View case";"Daniel Szenasi"
"3cd92e94-1a90-4bca-b1b2-698d289884ea";2025-02-21T13:25:54+01:00;"view";"View case";"Daniel Szenasi"
"3cd92e94-1a90-4bca-b1b2-698d289884ea";2025-02-21T13:25:52+01:00;"create";"Create case";"Daniel Szenasi"
