"case_id";"date";"action";"description";"user"
"0050cac4-364b-4eeb-a38e-c72b9066208d";2025-06-16T16:33:59+02:00;"view";"View case";"Balazs Szabo"
"0050cac4-364b-4eeb-a38e-c72b9066208d";2025-02-20T14:04:29+01:00;"view";"View case";"Sandor Balint"
"0050cac4-364b-4eeb-a38e-c72b9066208d";2025-02-20T13:57:22+01:00;"view";"View case";"Sandor Balint"
"0050cac4-364b-4eeb-a38e-c72b9066208d";2025-02-20T11:05:39+01:00;"view";"View case";"Sandor Balint"
"0050cac4-364b-4eeb-a38e-c72b9066208d";2025-02-20T10:56:44+01:00;"view";"View case";"Sandor Balint"
"0050cac4-364b-4eeb-a38e-c72b9066208d";2025-02-20T10:55:50+01:00;"view";"View case";"Sandor Balint"
"0050cac4-364b-4eeb-a38e-c72b9066208d";2025-02-20T10:55:35+01:00;"view";"View case";"Sandor Balint"
"0050cac4-364b-4eeb-a38e-c72b9066208d";2025-02-20T10:54:59+01:00;"view";"View case";"Sandor Balint"
"0050cac4-364b-4eeb-a38e-c72b9066208d";2025-02-20T10:07:09+01:00;"view";"View case";"Sandor Balint"
"0050cac4-364b-4eeb-a38e-c72b9066208d";2025-02-20T10:04:06+01:00;"view";"View case";"Sandor Balint"
"0050cac4-364b-4eeb-a38e-c72b9066208d";2025-02-20T10:04:01+01:00;"view";"View case";"Sandor Balint"
"0050cac4-364b-4eeb-a38e-c72b9066208d";2025-02-20T10:04:00+01:00;"view";"View case";"Sandor Balint"
"0050cac4-364b-4eeb-a38e-c72b9066208d";2025-02-20T10:01:25+01:00;"view";"View case";"Sandor Balint"
"0050cac4-364b-4eeb-a38e-c72b9066208d";2025-02-20T09:47:12+01:00;"view";"View case";"Sandor Balint"
