"case_id";"date";"action";"description";"user"
"1e4f2809-f590-4d46-8764-9667c4d1d87f";2025-05-15T15:28:22+02:00;"view";"View case";"Bence Boros mr. Context"
"1e4f2809-f590-4d46-8764-9667c4d1d87f";2025-05-15T15:28:21+02:00;"view";"View case";"Bence Boros mr. Context"
"1e4f2809-f590-4d46-8764-9667c4d1d87f";2025-05-15T15:22:20+02:00;"view";"View case";"Bence Boros mr. Context"
"1e4f2809-f590-4d46-8764-9667c4d1d87f";2025-05-15T15:22:16+02:00;"view";"View case";"Bence Boros mr. Context"
"1e4f2809-f590-4d46-8764-9667c4d1d87f";2025-05-15T14:33:41+02:00;"view";"View case";"ZsoltSupreme"
"1e4f2809-f590-4d46-8764-9667c4d1d87f";2025-05-15T14:33:34+02:00;"view";"View case";"ZsoltSupreme"
"1e4f2809-f590-4d46-8764-9667c4d1d87f";2025-05-15T14:27:44+02:00;"view";"View case";"ZsoltSupreme"
"1e4f2809-f590-4d46-8764-9667c4d1d87f";2025-05-15T14:26:28+02:00;"view";"View case";"ZsoltSupreme"
"1e4f2809-f590-4d46-8764-9667c4d1d87f";2025-05-15T14:26:02+02:00;"view";"View case";"ZsoltSupreme"
"1e4f2809-f590-4d46-8764-9667c4d1d87f";2025-05-15T14:20:40+02:00;"view";"View case";"ZsoltSupreme"
"1e4f2809-f590-4d46-8764-9667c4d1d87f";2025-05-15T14:20:39+02:00;"update";"Link transactions";"ZsoltSupreme"
"1e4f2809-f590-4d46-8764-9667c4d1d87f";2025-05-15T14:20:06+02:00;"view";"View case";"ZsoltSupreme"
"1e4f2809-f590-4d46-8764-9667c4d1d87f";2025-05-15T10:34:35+02:00;"view";"View case";"Bence Boros mr. Context"
"1e4f2809-f590-4d46-8764-9667c4d1d87f";2025-05-13T10:07:09+02:00;"view";"View case";"Bence Boros mr. Context"
"1e4f2809-f590-4d46-8764-9667c4d1d87f";2025-05-13T10:07:06+02:00;"view";"View case";"Bence Boros mr. Context"
"1e4f2809-f590-4d46-8764-9667c4d1d87f";2025-05-13T10:02:52+02:00;"view";"View case";"Bence Boros mr. Context"
"1e4f2809-f590-4d46-8764-9667c4d1d87f";2025-05-12T11:08:09+02:00;"view";"View case";"Bence Boros mr. Context"
"1e4f2809-f590-4d46-8764-9667c4d1d87f";2025-05-12T00:21:27+02:00;"view";"View case";"Bence Boros mr. Context"
"1e4f2809-f590-4d46-8764-9667c4d1d87f";2025-05-09T14:07:44+02:00;"view";"View case";"Bence Boros mr. Context"
"1e4f2809-f590-4d46-8764-9667c4d1d87f";2025-05-09T14:07:25+02:00;"view";"View case";"Bence Boros mr. Context"
"1e4f2809-f590-4d46-8764-9667c4d1d87f";2025-05-09T14:07:19+02:00;"view";"View case";"Bence Boros mr. Context"
"1e4f2809-f590-4d46-8764-9667c4d1d87f";2025-05-09T14:07:02+02:00;"case-status-update";"2 level escalation (investigation)";"Bence Boros mr. Context"
"1e4f2809-f590-4d46-8764-9667c4d1d87f";2025-05-09T14:07:01+02:00;"view";"View case";"Bence Boros mr. Context"
"1e4f2809-f590-4d46-8764-9667c4d1d87f";2025-05-09T13:40:42+02:00;"view";"View case";"Bence Boros mr. Context"
"1e4f2809-f590-4d46-8764-9667c4d1d87f";2025-05-08T11:36:53+02:00;"view";"View case";"Zsofia Abraham"
"1e4f2809-f590-4d46-8764-9667c4d1d87f";2025-04-29T15:37:10+02:00;"view";"View case";"Madalina Cioara"
"1e4f2809-f590-4d46-8764-9667c4d1d87f";2025-04-29T15:35:59+02:00;"view";"View case";"Madalina Cioara"
"1e4f2809-f590-4d46-8764-9667c4d1d87f";2025-04-29T11:25:16+02:00;"view";"View case";"Zsofia Abraham"
"1e4f2809-f590-4d46-8764-9667c4d1d87f";2025-04-28T16:15:12+02:00;"view";"View case";"Zsofia Abraham"
"1e4f2809-f590-4d46-8764-9667c4d1d87f";2025-04-28T16:15:11+02:00;"view";"View case";"Zsofia Abraham"
"1e4f2809-f590-4d46-8764-9667c4d1d87f";2025-04-28T16:14:28+02:00;"view";"View case";"Zsofia Abraham"
"1e4f2809-f590-4d46-8764-9667c4d1d87f";2025-04-28T16:14:09+02:00;"view";"View case";"Zsofia Abraham"
"1e4f2809-f590-4d46-8764-9667c4d1d87f";2025-04-28T16:13:52+02:00;"view";"View case";"Zsofia Abraham"
"1e4f2809-f590-4d46-8764-9667c4d1d87f";2025-04-28T16:13:51+02:00;"create";"Create case";"Zsofia Abraham"
"1e4f2809-f590-4d46-8764-9667c4d1d87f";2025-04-28T16:13:51+02:00;"update";"Link transactions";"Zsofia Abraham"
"1e4f2809-f590-4d46-8764-9667c4d1d87f";2025-04-28T16:13:51+02:00;"update";"Link alerts";"Zsofia Abraham"
