"case_id";"date";"action";"description";"user"
"e76915e8-f1e7-4906-9bdc-1275dbd16d9e";2025-03-06T14:55:56+01:00;"view";"View case";"Daniel Szenasi"
"e76915e8-f1e7-4906-9bdc-1275dbd16d9e";2025-03-06T14:53:33+01:00;"view";"View case";"Daniel Szenasi"
"e76915e8-f1e7-4906-9bdc-1275dbd16d9e";2025-03-06T14:52:07+01:00;"view";"View case";"Daniel Szenasi"
"e76915e8-f1e7-4906-9bdc-1275dbd16d9e";2025-03-06T14:51:57+01:00;"view";"View case";"Daniel Szenasi"
"e76915e8-f1e7-4906-9bdc-1275dbd16d9e";2025-03-06T13:07:59+01:00;"view";"View case";"Daniel Szenasi"
"e76915e8-f1e7-4906-9bdc-1275dbd16d9e";2025-03-06T13:05:25+01:00;"view";"View case";"Daniel Szenasi"
"e76915e8-f1e7-4906-9bdc-1275dbd16d9e";2025-03-06T13:03:56+01:00;"delete";"Delete Report";"Daniel Szenasi"
"e76915e8-f1e7-4906-9bdc-1275dbd16d9e";2025-03-06T13:02:38+01:00;"view";"View case";"Daniel Szenasi"
"e76915e8-f1e7-4906-9bdc-1275dbd16d9e";2025-03-06T12:59:25+01:00;"delete";"Delete Report";"Daniel Szenasi"
"e76915e8-f1e7-4906-9bdc-1275dbd16d9e";2025-03-06T12:58:16+01:00;"view";"View case";"Daniel Szenasi"
"e76915e8-f1e7-4906-9bdc-1275dbd16d9e";2025-03-06T11:36:14+01:00;"view";"View case";"Daniel Szenasi"
"e76915e8-f1e7-4906-9bdc-1275dbd16d9e";2025-03-06T11:34:41+01:00;"view";"View case";"Daniel Szenasi"
"e76915e8-f1e7-4906-9bdc-1275dbd16d9e";2025-03-06T11:34:19+01:00;"delete";"Delete Report";"Daniel Szenasi"
"e76915e8-f1e7-4906-9bdc-1275dbd16d9e";2025-03-06T11:29:12+01:00;"delete";"Delete Report";"Daniel Szenasi"
"e76915e8-f1e7-4906-9bdc-1275dbd16d9e";2025-03-06T11:28:53+01:00;"delete";"Delete Report";"Daniel Szenasi"
"e76915e8-f1e7-4906-9bdc-1275dbd16d9e";2025-03-06T11:28:26+01:00;"view";"View case";"Daniel Szenasi"
"e76915e8-f1e7-4906-9bdc-1275dbd16d9e";2025-03-06T11:25:01+01:00;"view";"View case";"Daniel Szenasi"
"e76915e8-f1e7-4906-9bdc-1275dbd16d9e";2025-03-06T11:24:39+01:00;"view";"View case";"Daniel Szenasi"
"e76915e8-f1e7-4906-9bdc-1275dbd16d9e";2025-03-06T11:23:19+01:00;"view";"View case";"Daniel Szenasi"
"e76915e8-f1e7-4906-9bdc-1275dbd16d9e";2025-03-06T11:22:41+01:00;"view";"View case";"Daniel Szenasi"
"e76915e8-f1e7-4906-9bdc-1275dbd16d9e";2025-03-06T11:21:37+01:00;"view";"View case";"Daniel Szenasi"
"e76915e8-f1e7-4906-9bdc-1275dbd16d9e";2025-03-06T11:18:10+01:00;"view";"View case";"Daniel Szenasi"
"e76915e8-f1e7-4906-9bdc-1275dbd16d9e";2025-03-06T09:45:56+01:00;"view";"View case";"Daniel Szenasi"
"e76915e8-f1e7-4906-9bdc-1275dbd16d9e";2025-03-06T09:34:41+01:00;"view";"View case";"Daniel Szenasi"
"e76915e8-f1e7-4906-9bdc-1275dbd16d9e";2025-03-06T09:34:40+01:00;"view";"View case";"Daniel Szenasi"
"e76915e8-f1e7-4906-9bdc-1275dbd16d9e";2025-03-06T09:34:34+01:00;"create";"Create case";"Daniel Szenasi"
