"case_id";"date";"action";"description";"user"
"bd3a119f-b2ea-4d85-beaa-ae981e4696b8";2025-04-28T15:15:47+02:00;"view";"View case";"Zsofia Abraham"
"bd3a119f-b2ea-4d85-beaa-ae981e4696b8";2025-04-28T15:15:38+02:00;"view";"View case";"Zsofia Abraham"
"bd3a119f-b2ea-4d85-beaa-ae981e4696b8";2025-04-28T14:38:59+02:00;"view";"View case";"Zsofia Abraham"
"bd3a119f-b2ea-4d85-beaa-ae981e4696b8";2025-04-28T14:38:57+02:00;"create";"Create case";"Zsofia Abraham"
"bd3a119f-b2ea-4d85-beaa-ae981e4696b8";2025-04-28T14:38:57+02:00;"update";"Link transactions";"Zsofia Abraham"
"bd3a119f-b2ea-4d85-beaa-ae981e4696b8";2025-04-28T14:38:57+02:00;"update";"Link alerts";"Zsofia Abraham"
