"case_id";"date";"action";"description";"user"
"2cc04b7a-ebca-48e8-87a3-2d7f01479c32";2025-05-21T14:56:00+02:00;"view";"View case";" Anna Krisztina Németh"
"2cc04b7a-ebca-48e8-87a3-2d7f01479c32";2025-05-21T14:55:56+02:00;"create";"Create case";" Anna Krisztina Németh"
"2cc04b7a-ebca-48e8-87a3-2d7f01479c32";2025-05-21T14:55:56+02:00;"update";"Link transactions";" Anna Krisztina Németh"
"2cc04b7a-ebca-48e8-87a3-2d7f01479c32";2025-05-21T14:55:56+02:00;"update";"Link alerts";" Anna Krisztina Németh"
