"case_id";"date";"action";"description";"user"
"64f29d22-5a92-4228-9717-77e22ccf92d9";2025-03-14T09:50:34+01:00;"view";"View case";"Andrei Frosin"
"64f29d22-5a92-4228-9717-77e22ccf92d9";2025-03-05T08:23:57+01:00;"view";"View case";"Daniel Szenasi"
"64f29d22-5a92-4228-9717-77e22ccf92d9";2025-03-05T08:23:13+01:00;"delete";"Delete Report";"Daniel Szenasi"
"64f29d22-5a92-4228-9717-77e22ccf92d9";2025-03-05T08:17:39+01:00;"view";"View case";"Daniel Szenasi"
"64f29d22-5a92-4228-9717-77e22ccf92d9";2025-02-26T15:31:09+01:00;"view";"View case";"Daniel Szenasi"
"64f29d22-5a92-4228-9717-77e22ccf92d9";2025-02-26T15:05:51+01:00;"view";"View case";"Daniel Szenasi"
"64f29d22-5a92-4228-9717-77e22ccf92d9";2025-02-26T15:03:52+01:00;"view";"View case";"Daniel Szenasi"
"64f29d22-5a92-4228-9717-77e22ccf92d9";2025-02-26T11:48:40+01:00;"view";"View case";"Daniel Szenasi"
"64f29d22-5a92-4228-9717-77e22ccf92d9";2025-02-26T08:39:00+01:00;"view";"View case";"Daniel Szenasi"
"64f29d22-5a92-4228-9717-77e22ccf92d9";2025-02-25T15:22:26+01:00;"view";"View case";"Bence Boros mr. Context"
"64f29d22-5a92-4228-9717-77e22ccf92d9";2025-02-25T15:22:18+01:00;"view";"View case";"Bence Boros mr. Context"
"64f29d22-5a92-4228-9717-77e22ccf92d9";2025-02-23T15:22:18+01:00;"view";"View case";"Denes Beck"
"64f29d22-5a92-4228-9717-77e22ccf92d9";2025-02-20T13:26:22+01:00;"view";"View case";"Akos Sereg"
"64f29d22-5a92-4228-9717-77e22ccf92d9";2025-02-20T13:26:20+01:00;"view";"View case";"Akos Sereg"
"64f29d22-5a92-4228-9717-77e22ccf92d9";2025-02-19T15:06:31+01:00;"view";"View case";" Anna Krisztina Németh"
"64f29d22-5a92-4228-9717-77e22ccf92d9";2025-02-14T12:54:05+01:00;"view";"View case";"Zsofia Abraham"
"64f29d22-5a92-4228-9717-77e22ccf92d9";2025-02-14T12:53:59+01:00;"view";"View case";"Zsofia Abraham"
"64f29d22-5a92-4228-9717-77e22ccf92d9";2025-02-14T12:53:58+01:00;"create";"Create case";"Zsofia Abraham"
