"case_id";"date";"action";"description";"user"
"6cd66745-f276-4928-b8c5-5e65a8bcd61e";2025-03-18T14:26:22+01:00;"view";"View case";"Akos Gyure"
"6cd66745-f276-4928-b8c5-5e65a8bcd61e";2025-03-18T14:26:20+01:00;"view";"View case";"Akos Gyure"
"6cd66745-f276-4928-b8c5-5e65a8bcd61e";2025-03-10T15:33:17+01:00;"view";"View case";"ZsoltSupreme"
"6cd66745-f276-4928-b8c5-5e65a8bcd61e";2025-03-10T15:33:02+01:00;"view";"View case";"ZsoltSupreme"
"6cd66745-f276-4928-b8c5-5e65a8bcd61e";2025-03-10T15:23:38+01:00;"view";"View case";"ZsoltSupreme"
"6cd66745-f276-4928-b8c5-5e65a8bcd61e";2025-03-10T14:53:20+01:00;"view";"View case";"ZsoltSupreme"
"6cd66745-f276-4928-b8c5-5e65a8bcd61e";2025-03-10T14:47:53+01:00;"view";"View case";"ZsoltSupreme"
"6cd66745-f276-4928-b8c5-5e65a8bcd61e";2025-03-10T14:47:39+01:00;"view";"View case";"ZsoltSupreme"
"6cd66745-f276-4928-b8c5-5e65a8bcd61e";2025-03-10T14:32:39+01:00;"view";"View case";"Zsofia Abraham"
"6cd66745-f276-4928-b8c5-5e65a8bcd61e";2025-03-10T14:28:10+01:00;"view";"View case";"Daniel Szenasi"
"6cd66745-f276-4928-b8c5-5e65a8bcd61e";2025-03-10T14:28:09+01:00;"view";"View case";"Daniel Szenasi"
"6cd66745-f276-4928-b8c5-5e65a8bcd61e";2025-03-10T14:23:49+01:00;"add";"Document upload";"Zsofia Abraham"
"6cd66745-f276-4928-b8c5-5e65a8bcd61e";2025-03-10T14:23:40+01:00;"view";"View case";"Zsofia Abraham"
"6cd66745-f276-4928-b8c5-5e65a8bcd61e";2025-03-10T13:52:48+01:00;"view";"View case";"ZsoltSupreme"
"6cd66745-f276-4928-b8c5-5e65a8bcd61e";2025-03-10T10:42:12+01:00;"view";"View case";"Zsofia Abraham"
"6cd66745-f276-4928-b8c5-5e65a8bcd61e";2025-03-10T10:42:09+01:00;"create";"Create case";"Zsofia Abraham"
"6cd66745-f276-4928-b8c5-5e65a8bcd61e";2025-03-10T10:42:09+01:00;"update";"Link transactions";"Zsofia Abraham"
