"case_id";"date";"action";"description";"user"
"401ec761-1f2c-447d-a7d7-1de9ddc3b658";2025-05-22T08:58:27+02:00;"view";"View case";" Anna Krisztina Németh"
"401ec761-1f2c-447d-a7d7-1de9ddc3b658";2025-05-22T08:47:05+02:00;"view";"View case";" Anna Krisztina Németh"
"401ec761-1f2c-447d-a7d7-1de9ddc3b658";2025-05-22T08:47:03+02:00;"create";"Create case";" Anna Krisztina Németh"
"401ec761-1f2c-447d-a7d7-1de9ddc3b658";2025-05-22T08:47:03+02:00;"update";"Link transactions";" Anna Krisztina Németh"
"401ec761-1f2c-447d-a7d7-1de9ddc3b658";2025-05-22T08:47:03+02:00;"update";"Link alerts";" Anna Krisztina Németh"
