"case_id";"date";"action";"description";"user"
"c1518361-b401-47f0-8d65-f2a0d42bba8b";2025-03-05T15:02:19+01:00;"view";"View case";" Anna Krisztina Németh"
"c1518361-b401-47f0-8d65-f2a0d42bba8b";2025-03-05T15:02:04+01:00;"view";"View case";" Anna Krisztina Németh"
"c1518361-b401-47f0-8d65-f2a0d42bba8b";2025-03-05T14:55:49+01:00;"view";"View case";" Anna Krisztina Németh"
"c1518361-b401-47f0-8d65-f2a0d42bba8b";2025-03-05T10:16:54+01:00;"view";"View case";" Anna Krisztina Németh"
"c1518361-b401-47f0-8d65-f2a0d42bba8b";2025-03-05T10:16:52+01:00;"view";"View case";" Anna Krisztina Németh"
