"case_id";"date";"action";"description";"user"
"dc8379b7-37dc-4c3e-8844-000764d943de";2025-05-06T14:25:14+02:00;"view";"View case";"Bence Boros mr. Context"
"dc8379b7-37dc-4c3e-8844-000764d943de";2025-05-06T13:41:39+02:00;"view";"View case";"Bence Boros mr. Context"
"dc8379b7-37dc-4c3e-8844-000764d943de";2025-05-06T11:38:52+02:00;"view";"View case";"Bence Boros mr. Context"
"dc8379b7-37dc-4c3e-8844-000764d943de";2025-05-06T11:38:21+02:00;"update";"Update case status";"Bence Boros mr. Context"
"dc8379b7-37dc-4c3e-8844-000764d943de";2025-05-06T11:37:57+02:00;"view";"View case";"Bence Boros mr. Context"
"dc8379b7-37dc-4c3e-8844-000764d943de";2025-04-28T16:04:48+02:00;"view";"View case";"Bence Boros mr. Context"
"dc8379b7-37dc-4c3e-8844-000764d943de";2025-04-28T15:55:09+02:00;"view";"View case";"Bence Boros mr. Context"
"dc8379b7-37dc-4c3e-8844-000764d943de";2025-04-28T15:23:03+02:00;"view";"View case";"Bence Boros mr. Context"
"dc8379b7-37dc-4c3e-8844-000764d943de";2025-04-28T15:22:48+02:00;"create";"Create case";"Bence Boros mr. Context"
