"case_id";"date";"action";"description";"user"
"e2a4ef98-0cb8-44ea-99a2-183205b5b13d";2025-05-15T09:43:43+02:00;"view";"View case";"Bence Boros mr. Context"
"e2a4ef98-0cb8-44ea-99a2-183205b5b13d";2025-05-14T20:56:20+02:00;"view";"View case";"Bence Boros mr. Context"
"e2a4ef98-0cb8-44ea-99a2-183205b5b13d";2025-05-14T20:46:24+02:00;"view";"View case";"Bence Boros mr. Context"
"e2a4ef98-0cb8-44ea-99a2-183205b5b13d";2025-05-14T20:45:15+02:00;"view";"View case";"Bence Boros mr. Context"
"e2a4ef98-0cb8-44ea-99a2-183205b5b13d";2025-05-14T20:45:10+02:00;"view";"View case";"Bence Boros mr. Context"
"e2a4ef98-0cb8-44ea-99a2-183205b5b13d";2025-05-14T20:43:51+02:00;"view";"View case";"Bence Boros mr. Context"
"e2a4ef98-0cb8-44ea-99a2-183205b5b13d";2025-05-14T17:16:25+02:00;"view";"View case";"Bence Boros mr. Context"
"e2a4ef98-0cb8-44ea-99a2-183205b5b13d";2025-05-14T16:54:00+02:00;"view";"View case";"Bence Boros mr. Context"
"e2a4ef98-0cb8-44ea-99a2-183205b5b13d";2025-05-14T16:44:37+02:00;"view";"View case";"Bence Boros mr. Context"
"e2a4ef98-0cb8-44ea-99a2-183205b5b13d";2025-05-14T16:29:03+02:00;"view";"View case";"Bence Boros mr. Context"
"e2a4ef98-0cb8-44ea-99a2-183205b5b13d";2025-05-14T16:21:30+02:00;"view";"View case";"Bence Boros mr. Context"
"e2a4ef98-0cb8-44ea-99a2-183205b5b13d";2025-05-14T16:19:10+02:00;"view";"View case";"Bence Boros mr. Context"
"e2a4ef98-0cb8-44ea-99a2-183205b5b13d";2025-05-14T16:11:42+02:00;"view";"View case";"Bence Boros mr. Context"
"e2a4ef98-0cb8-44ea-99a2-183205b5b13d";2025-05-14T15:37:39+02:00;"view";"View case";"Bence Boros mr. Context"
"e2a4ef98-0cb8-44ea-99a2-183205b5b13d";2025-05-14T15:15:35+02:00;"view";"View case";"Bence Boros mr. Context"
"e2a4ef98-0cb8-44ea-99a2-183205b5b13d";2025-05-14T15:13:44+02:00;"view";"View case";"Bence Boros mr. Context"
"e2a4ef98-0cb8-44ea-99a2-183205b5b13d";2025-05-14T15:13:41+02:00;"view";"View case";"Bence Boros mr. Context"
"e2a4ef98-0cb8-44ea-99a2-183205b5b13d";2025-05-14T14:00:07+02:00;"view";"View case";"Peter Dobosi c3"
"e2a4ef98-0cb8-44ea-99a2-183205b5b13d";2025-05-14T14:00:04+02:00;"view";"View case";"Peter Dobosi c3"
"e2a4ef98-0cb8-44ea-99a2-183205b5b13d";2025-05-14T14:00:02+02:00;"view";"View case";"Peter Dobosi c3"
"e2a4ef98-0cb8-44ea-99a2-183205b5b13d";2025-05-14T13:59:59+02:00;"view";"View case";"Peter Dobosi c3"
"e2a4ef98-0cb8-44ea-99a2-183205b5b13d";2025-05-14T13:58:52+02:00;"view";"View case";"Peter Dobosi c3"
"e2a4ef98-0cb8-44ea-99a2-183205b5b13d";2025-05-14T13:57:02+02:00;"view";"View case";"Peter Dobosi c3"
"e2a4ef98-0cb8-44ea-99a2-183205b5b13d";2025-05-14T13:56:45+02:00;"view";"View case";"Peter Dobosi c3"
"e2a4ef98-0cb8-44ea-99a2-183205b5b13d";2025-05-14T13:53:01+02:00;"view";"View case";"Peter Dobosi c3"
"e2a4ef98-0cb8-44ea-99a2-183205b5b13d";2025-05-14T13:52:53+02:00;"view";"View case";"Peter Dobosi c3"
"e2a4ef98-0cb8-44ea-99a2-183205b5b13d";2025-05-14T13:43:10+02:00;"view";"View case";"Peter Dobosi c3"
"e2a4ef98-0cb8-44ea-99a2-183205b5b13d";2025-05-14T13:43:07+02:00;"view";"View case";"Peter Dobosi c3"
"e2a4ef98-0cb8-44ea-99a2-183205b5b13d";2025-05-14T13:43:03+02:00;"view";"View case";"Peter Dobosi c3"
"e2a4ef98-0cb8-44ea-99a2-183205b5b13d";2025-05-14T13:42:59+02:00;"view";"View case";"Peter Dobosi c3"
"e2a4ef98-0cb8-44ea-99a2-183205b5b13d";2025-05-14T13:42:56+02:00;"view";"View case";"Peter Dobosi c3"
"e2a4ef98-0cb8-44ea-99a2-183205b5b13d";2025-05-14T13:42:51+02:00;"view";"View case";"Peter Dobosi c3"
"e2a4ef98-0cb8-44ea-99a2-183205b5b13d";2025-05-14T13:42:44+02:00;"view";"View case";"Peter Dobosi c3"
"e2a4ef98-0cb8-44ea-99a2-183205b5b13d";2025-05-14T13:42:38+02:00;"view";"View case";"Peter Dobosi c3"
"e2a4ef98-0cb8-44ea-99a2-183205b5b13d";2025-05-14T13:40:13+02:00;"view";"View case";"Peter Dobosi c3"
"e2a4ef98-0cb8-44ea-99a2-183205b5b13d";2025-05-14T13:40:13+02:00;"view";"View case";"Peter Dobosi c3"
"e2a4ef98-0cb8-44ea-99a2-183205b5b13d";2025-05-14T13:40:13+02:00;"view";"View case";"Peter Dobosi c3"
"e2a4ef98-0cb8-44ea-99a2-183205b5b13d";2025-05-14T13:40:12+02:00;"view";"View case";"Peter Dobosi c3"
"e2a4ef98-0cb8-44ea-99a2-183205b5b13d";2025-05-14T13:40:12+02:00;"view";"View case";"Peter Dobosi c3"
"e2a4ef98-0cb8-44ea-99a2-183205b5b13d";2025-05-14T13:40:12+02:00;"view";"View case";"Peter Dobosi c3"
"e2a4ef98-0cb8-44ea-99a2-183205b5b13d";2025-05-14T13:40:11+02:00;"view";"View case";"Peter Dobosi c3"
"e2a4ef98-0cb8-44ea-99a2-183205b5b13d";2025-05-14T13:40:11+02:00;"view";"View case";"Peter Dobosi c3"
"e2a4ef98-0cb8-44ea-99a2-183205b5b13d";2025-05-14T13:40:10+02:00;"view";"View case";"Peter Dobosi c3"
"e2a4ef98-0cb8-44ea-99a2-183205b5b13d";2025-05-14T13:40:10+02:00;"view";"View case";"Peter Dobosi c3"
"e2a4ef98-0cb8-44ea-99a2-183205b5b13d";2025-05-14T13:40:10+02:00;"view";"View case";"Peter Dobosi c3"
"e2a4ef98-0cb8-44ea-99a2-183205b5b13d";2025-05-14T13:40:09+02:00;"view";"View case";"Peter Dobosi c3"
"e2a4ef98-0cb8-44ea-99a2-183205b5b13d";2025-05-14T13:40:09+02:00;"view";"View case";"Peter Dobosi c3"
"e2a4ef98-0cb8-44ea-99a2-183205b5b13d";2025-05-14T13:40:08+02:00;"view";"View case";"Peter Dobosi c3"
"e2a4ef98-0cb8-44ea-99a2-183205b5b13d";2025-05-14T13:40:08+02:00;"view";"View case";"Peter Dobosi c3"
"e2a4ef98-0cb8-44ea-99a2-183205b5b13d";2025-05-14T13:40:08+02:00;"view";"View case";"Peter Dobosi c3"
"e2a4ef98-0cb8-44ea-99a2-183205b5b13d";2025-05-14T13:40:07+02:00;"view";"View case";"Peter Dobosi c3"
"e2a4ef98-0cb8-44ea-99a2-183205b5b13d";2025-05-14T13:40:07+02:00;"view";"View case";"Peter Dobosi c3"
"e2a4ef98-0cb8-44ea-99a2-183205b5b13d";2025-05-14T13:40:07+02:00;"view";"View case";"Peter Dobosi c3"
"e2a4ef98-0cb8-44ea-99a2-183205b5b13d";2025-05-14T13:40:06+02:00;"view";"View case";"Peter Dobosi c3"
"e2a4ef98-0cb8-44ea-99a2-183205b5b13d";2025-05-14T10:28:45+02:00;"view";"View case";"Bence Boros mr. Context"
"e2a4ef98-0cb8-44ea-99a2-183205b5b13d";2025-05-14T10:26:51+02:00;"view";"View case";"Bence Boros mr. Context"
"e2a4ef98-0cb8-44ea-99a2-183205b5b13d";2025-05-14T10:26:25+02:00;"view";"View case";"Bence Boros mr. Context"
"e2a4ef98-0cb8-44ea-99a2-183205b5b13d";2025-05-14T10:26:16+02:00;"view";"View case";"Bence Boros mr. Context"
"e2a4ef98-0cb8-44ea-99a2-183205b5b13d";2025-05-14T10:25:11+02:00;"view";"View case";"Bence Boros mr. Context"
"e2a4ef98-0cb8-44ea-99a2-183205b5b13d";2025-05-14T10:24:21+02:00;"view";"View case";"Bence Boros mr. Context"
"e2a4ef98-0cb8-44ea-99a2-183205b5b13d";2025-05-14T10:23:39+02:00;"view";"View case";"Bence Boros mr. Context"
"e2a4ef98-0cb8-44ea-99a2-183205b5b13d";2025-05-14T10:18:01+02:00;"view";"View case";"Bence Boros mr. Context"
"e2a4ef98-0cb8-44ea-99a2-183205b5b13d";2025-05-14T10:16:19+02:00;"view";"View case";"Bence Boros mr. Context"
"e2a4ef98-0cb8-44ea-99a2-183205b5b13d";2025-05-14T10:14:57+02:00;"view";"View case";"Bence Boros mr. Context"
"e2a4ef98-0cb8-44ea-99a2-183205b5b13d";2025-05-14T10:13:41+02:00;"view";"View case";"Bence Boros mr. Context"
"e2a4ef98-0cb8-44ea-99a2-183205b5b13d";2025-05-14T10:12:53+02:00;"view";"View case";"Bence Boros mr. Context"
"e2a4ef98-0cb8-44ea-99a2-183205b5b13d";2025-05-14T10:11:18+02:00;"view";"View case";"Bence Boros mr. Context"
"e2a4ef98-0cb8-44ea-99a2-183205b5b13d";2025-05-14T10:10:57+02:00;"view";"View case";"Bence Boros mr. Context"
"e2a4ef98-0cb8-44ea-99a2-183205b5b13d";2025-05-14T10:10:37+02:00;"view";"View case";"Bence Boros mr. Context"
"e2a4ef98-0cb8-44ea-99a2-183205b5b13d";2025-05-14T10:08:06+02:00;"view";"View case";"Bence Boros mr. Context"
"e2a4ef98-0cb8-44ea-99a2-183205b5b13d";2025-05-14T10:07:46+02:00;"view";"View case";"Bence Boros mr. Context"
"e2a4ef98-0cb8-44ea-99a2-183205b5b13d";2025-05-14T10:07:44+02:00;"view";"View case";"Bence Boros mr. Context"
"e2a4ef98-0cb8-44ea-99a2-183205b5b13d";2025-05-14T10:06:59+02:00;"view";"View case";"Bence Boros mr. Context"
"e2a4ef98-0cb8-44ea-99a2-183205b5b13d";2025-05-14T09:55:47+02:00;"view";"View case";"Bence Boros mr. Context"
"e2a4ef98-0cb8-44ea-99a2-183205b5b13d";2025-05-14T09:55:22+02:00;"view";"View case";"Bence Boros mr. Context"
"e2a4ef98-0cb8-44ea-99a2-183205b5b13d";2025-05-14T09:44:05+02:00;"view";"View case";"Bence Boros mr. Context"
"e2a4ef98-0cb8-44ea-99a2-183205b5b13d";2025-05-14T09:43:44+02:00;"view";"View case";"Bence Boros mr. Context"
"e2a4ef98-0cb8-44ea-99a2-183205b5b13d";2025-05-14T09:41:46+02:00;"view";"View case";"Bence Boros mr. Context"
"e2a4ef98-0cb8-44ea-99a2-183205b5b13d";2025-05-14T09:36:07+02:00;"view";"View case";"Bence Boros mr. Context"
"e2a4ef98-0cb8-44ea-99a2-183205b5b13d";2025-05-13T14:59:31+02:00;"view";"View case";"Roland Balogh"
"e2a4ef98-0cb8-44ea-99a2-183205b5b13d";2025-05-13T14:53:41+02:00;"view";"View case";"Denes Beck"
"e2a4ef98-0cb8-44ea-99a2-183205b5b13d";2025-05-13T14:52:51+02:00;"view";"View case";"Denes Beck"
"e2a4ef98-0cb8-44ea-99a2-183205b5b13d";2025-05-13T14:51:31+02:00;"view";"View case";"Denes Beck"
"e2a4ef98-0cb8-44ea-99a2-183205b5b13d";2025-05-13T14:37:43+02:00;"view";"View case";"Denes Beck"
"e2a4ef98-0cb8-44ea-99a2-183205b5b13d";2025-05-13T14:29:41+02:00;"view";"View case";"Denes Beck"
"e2a4ef98-0cb8-44ea-99a2-183205b5b13d";2025-05-13T11:26:54+02:00;"view";"View case";" Anna Krisztina Németh"
"e2a4ef98-0cb8-44ea-99a2-183205b5b13d";2025-05-13T11:26:47+02:00;"view";"View case";" Anna Krisztina Németh"
"e2a4ef98-0cb8-44ea-99a2-183205b5b13d";2025-05-13T11:20:57+02:00;"view";"View case";" Anna Krisztina Németh"
"e2a4ef98-0cb8-44ea-99a2-183205b5b13d";2025-05-13T11:20:35+02:00;"view";"View case";" Anna Krisztina Németh"
"e2a4ef98-0cb8-44ea-99a2-183205b5b13d";2025-05-13T11:19:51+02:00;"view";"View case";" Anna Krisztina Németh"
"e2a4ef98-0cb8-44ea-99a2-183205b5b13d";2025-05-13T11:19:46+02:00;"view";"View case";" Anna Krisztina Németh"
"e2a4ef98-0cb8-44ea-99a2-183205b5b13d";2025-05-13T11:19:26+02:00;"view";"View case";" Anna Krisztina Németh"
"e2a4ef98-0cb8-44ea-99a2-183205b5b13d";2025-05-13T11:19:02+02:00;"view";"View case";" Anna Krisztina Németh"
"e2a4ef98-0cb8-44ea-99a2-183205b5b13d";2025-05-13T11:16:57+02:00;"view";"View case";" Anna Krisztina Németh"
"e2a4ef98-0cb8-44ea-99a2-183205b5b13d";2025-05-13T11:16:35+02:00;"view";"View case";" Anna Krisztina Németh"
"e2a4ef98-0cb8-44ea-99a2-183205b5b13d";2025-05-13T11:16:01+02:00;"view";"View case";" Anna Krisztina Németh"
"e2a4ef98-0cb8-44ea-99a2-183205b5b13d";2025-05-13T11:15:26+02:00;"view";"View case";" Anna Krisztina Németh"
"e2a4ef98-0cb8-44ea-99a2-183205b5b13d";2025-05-13T11:15:04+02:00;"view";"View case";" Anna Krisztina Németh"
"e2a4ef98-0cb8-44ea-99a2-183205b5b13d";2025-05-13T11:13:42+02:00;"view";"View case";" Anna Krisztina Németh"
"e2a4ef98-0cb8-44ea-99a2-183205b5b13d";2025-05-13T11:12:08+02:00;"view";"View case";" Anna Krisztina Németh"
"e2a4ef98-0cb8-44ea-99a2-183205b5b13d";2025-05-13T11:11:50+02:00;"view";"View case";" Anna Krisztina Németh"
"e2a4ef98-0cb8-44ea-99a2-183205b5b13d";2025-05-13T11:11:14+02:00;"view";"View case";" Anna Krisztina Németh"
"e2a4ef98-0cb8-44ea-99a2-183205b5b13d";2025-05-13T11:10:53+02:00;"view";"View case";" Anna Krisztina Németh"
"e2a4ef98-0cb8-44ea-99a2-183205b5b13d";2025-05-13T11:10:48+02:00;"view";"View case";" Anna Krisztina Németh"
"e2a4ef98-0cb8-44ea-99a2-183205b5b13d";2025-05-13T11:09:42+02:00;"view";"View case";" Anna Krisztina Németh"
"e2a4ef98-0cb8-44ea-99a2-183205b5b13d";2025-05-13T10:41:51+02:00;"view";"View case";"Bence Boros mr. Context"
"e2a4ef98-0cb8-44ea-99a2-183205b5b13d";2025-05-13T10:36:17+02:00;"view";"View case";" Anna Krisztina Németh"
"e2a4ef98-0cb8-44ea-99a2-183205b5b13d";2025-05-13T10:34:52+02:00;"view";"View case";" Anna Krisztina Németh"
"e2a4ef98-0cb8-44ea-99a2-183205b5b13d";2025-05-13T10:32:36+02:00;"view";"View case";" Anna Krisztina Németh"
"e2a4ef98-0cb8-44ea-99a2-183205b5b13d";2025-05-13T10:30:33+02:00;"view";"View case";" Anna Krisztina Németh"
"e2a4ef98-0cb8-44ea-99a2-183205b5b13d";2025-05-13T10:28:18+02:00;"view";"View case";" Anna Krisztina Németh"
"e2a4ef98-0cb8-44ea-99a2-183205b5b13d";2025-05-13T10:22:53+02:00;"view";"View case";" Anna Krisztina Németh"
"e2a4ef98-0cb8-44ea-99a2-183205b5b13d";2025-05-13T10:20:05+02:00;"view";"View case";" Anna Krisztina Németh"
"e2a4ef98-0cb8-44ea-99a2-183205b5b13d";2025-05-13T10:18:26+02:00;"view";"View case";" Anna Krisztina Németh"
"e2a4ef98-0cb8-44ea-99a2-183205b5b13d";2025-05-13T10:17:57+02:00;"view";"View case";" Anna Krisztina Németh"
"e2a4ef98-0cb8-44ea-99a2-183205b5b13d";2025-05-13T10:17:33+02:00;"view";"View case";" Anna Krisztina Németh"
"e2a4ef98-0cb8-44ea-99a2-183205b5b13d";2025-05-13T10:15:13+02:00;"view";"View case";" Anna Krisztina Németh"
"e2a4ef98-0cb8-44ea-99a2-183205b5b13d";2025-05-13T10:13:58+02:00;"view";"View case";"Bence Boros mr. Context"
"e2a4ef98-0cb8-44ea-99a2-183205b5b13d";2025-05-13T10:13:57+02:00;"update";"Link transactions";"Bence Boros mr. Context"
"e2a4ef98-0cb8-44ea-99a2-183205b5b13d";2025-05-13T10:13:21+02:00;"view";"View case";"Bence Boros mr. Context"
"e2a4ef98-0cb8-44ea-99a2-183205b5b13d";2025-05-13T10:12:34+02:00;"view";"View case";"Bence Boros mr. Context"
"e2a4ef98-0cb8-44ea-99a2-183205b5b13d";2025-05-13T10:09:50+02:00;"view";"View case";"Bence Boros mr. Context"
"e2a4ef98-0cb8-44ea-99a2-183205b5b13d";2025-05-13T10:09:48+02:00;"create";"Create case";"Bence Boros mr. Context"
