"case_id";"date";"action";"description";"user"
"c688f51a-88f5-449a-b305-9b6919871a0c";2025-06-03T13:44:57+02:00;"view";"View case";"Bence Boros mr. Context"
"c688f51a-88f5-449a-b305-9b6919871a0c";2025-05-09T13:40:58+02:00;"view";"View case";"Bence Boros mr. Context"
"c688f51a-88f5-449a-b305-9b6919871a0c";2025-05-08T10:32:03+02:00;"view";"View case";"Zsofia Abraham"
"c688f51a-88f5-449a-b305-9b6919871a0c";2025-05-07T15:27:00+02:00;"view";"View case";"Zsofia Abraham"
"c688f51a-88f5-449a-b305-9b6919871a0c";2025-05-06T08:36:01+02:00;"view";"View case";"Peter Dobosi c3"
"c688f51a-88f5-449a-b305-9b6919871a0c";2025-04-30T16:49:21+02:00;"view";"View case";"Zsofia Abraham"
"c688f51a-88f5-449a-b305-9b6919871a0c";2025-04-28T13:51:28+02:00;"view";"View case";"Zsofia Abraham"
"c688f51a-88f5-449a-b305-9b6919871a0c";2025-04-28T13:51:26+02:00;"view";"View case";"Zsofia Abraham"
"c688f51a-88f5-449a-b305-9b6919871a0c";2025-04-28T13:51:25+02:00;"create";"Create case";"Zsofia Abraham"
