"case_id";"date";"action";"description";"user"
"97df3a83-1258-479a-805f-676134962ae9";2025-05-21T14:54:49+02:00;"update";"Link transactions";" Anna Krisztina Németh"
"97df3a83-1258-479a-805f-676134962ae9";2025-05-21T14:54:49+02:00;"update";"Link alerts";" Anna Krisztina Németh"
"97df3a83-1258-479a-805f-676134962ae9";2025-05-21T12:54:54+02:00;"view";"View case";"Zsofia Abraham"
"97df3a83-1258-479a-805f-676134962ae9";2025-05-21T12:54:53+02:00;"create";"Create case";"Zsofia Abraham"
"97df3a83-1258-479a-805f-676134962ae9";2025-05-21T12:54:53+02:00;"update";"Link transactions";"Zsofia Abraham"
"97df3a83-1258-479a-805f-676134962ae9";2025-05-21T12:54:53+02:00;"update";"Link alerts";"Zsofia Abraham"
