"case_id";"date";"action";"description";"user"
"b0077cb4-b9a2-4fdf-91f8-759e641b162e";2025-05-22T09:18:03+02:00;"view";"View case";" Anna Krisztina Németh"
"b0077cb4-b9a2-4fdf-91f8-759e641b162e";2025-05-22T09:05:54+02:00;"view";"View case";" Anna Krisztina Németh"
"b0077cb4-b9a2-4fdf-91f8-759e641b162e";2025-05-22T09:04:56+02:00;"create";"Create case";" Anna Krisztina Németh"
"b0077cb4-b9a2-4fdf-91f8-759e641b162e";2025-05-22T09:04:56+02:00;"update";"Link transactions";" Anna Krisztina Németh"
"b0077cb4-b9a2-4fdf-91f8-759e641b162e";2025-05-22T09:04:56+02:00;"update";"Link alerts";" Anna Krisztina Németh"
