"case_id";"date";"action";"description";"user"
"92cc3a0e-2f57-48ef-b3e9-c3e2f0f082ef";2025-05-21T15:16:08+02:00;"view";"View case";" Anna Krisztina Németh"
"92cc3a0e-2f57-48ef-b3e9-c3e2f0f082ef";2025-05-21T15:15:57+02:00;"view";"View case";" Anna Krisztina Németh"
"92cc3a0e-2f57-48ef-b3e9-c3e2f0f082ef";2025-05-21T15:15:53+02:00;"view";"View case";" Anna Krisztina Németh"
"92cc3a0e-2f57-48ef-b3e9-c3e2f0f082ef";2025-05-21T15:15:49+02:00;"create";"Create case";" Anna Krisztina Németh"
"92cc3a0e-2f57-48ef-b3e9-c3e2f0f082ef";2025-05-21T15:15:49+02:00;"update";"Link transactions";" Anna Krisztina Németh"
"92cc3a0e-2f57-48ef-b3e9-c3e2f0f082ef";2025-05-21T15:15:49+02:00;"update";"Link alerts";" Anna Krisztina Németh"
