"case_id";"date";"action";"description";"user"
"bbe22705-7d0a-44bd-95eb-45ec7bd3f048";2025-04-29T16:00:07+02:00;"view";"View case";"Zsofia Abraham"
"bbe22705-7d0a-44bd-95eb-45ec7bd3f048";2025-04-28T15:15:47+02:00;"view";"View case";"Zsofia Abraham"
"bbe22705-7d0a-44bd-95eb-45ec7bd3f048";2025-04-28T14:13:29+02:00;"view";"View case";"Zsofia Abraham"
"bbe22705-7d0a-44bd-95eb-45ec7bd3f048";2025-04-28T14:12:15+02:00;"view";"View case";"Zsofia Abraham"
"bbe22705-7d0a-44bd-95eb-45ec7bd3f048";2025-04-28T14:12:13+02:00;"create";"Create case";"Zsofia Abraham"
"bbe22705-7d0a-44bd-95eb-45ec7bd3f048";2025-04-28T14:12:13+02:00;"update";"Link transactions";"Zsofia Abraham"
"bbe22705-7d0a-44bd-95eb-45ec7bd3f048";2025-04-28T14:12:13+02:00;"update";"Link alerts";"Zsofia Abraham"
