"case_id";"date";"action";"description";"user"
"f785f36a-0d77-4ae0-a961-2de08de5182a";2025-04-28T15:03:37+02:00;"view";"View case";"Bence Boros mr. Context"
"f785f36a-0d77-4ae0-a961-2de08de5182a";2025-04-28T15:03:31+02:00;"create";"Create case";"Bence Boros mr. Context"
"f785f36a-0d77-4ae0-a961-2de08de5182a";2025-04-28T15:03:31+02:00;"update";"Link transactions";"Bence Boros mr. Context"
"f785f36a-0d77-4ae0-a961-2de08de5182a";2025-04-28T15:03:31+02:00;"update";"Link alerts";"Bence Boros mr. Context"
