"case_id";"date";"action";"description";"user"
"ca6095d6-0f91-47ff-bea7-8c702675879b";2025-02-20T08:05:23+01:00;"view";"View case";"Daniel Szenasi"
"ca6095d6-0f91-47ff-bea7-8c702675879b";2025-02-20T08:04:58+01:00;"view";"View case";"Daniel Szenasi"
"ca6095d6-0f91-47ff-bea7-8c702675879b";2025-02-20T07:45:04+01:00;"add";"Create undefined Report";"Daniel Szenasi"
"ca6095d6-0f91-47ff-bea7-8c702675879b";2025-02-20T07:43:57+01:00;"view";"View case";"Daniel Szenasi"
"ca6095d6-0f91-47ff-bea7-8c702675879b";2025-02-20T07:43:53+01:00;"view";"View case";"Daniel Szenasi"
"ca6095d6-0f91-47ff-bea7-8c702675879b";2025-02-20T07:43:50+01:00;"create";"Create case";"Daniel Szenasi"
