"case_id";"date";"action";"description";"user"
"13a3889f-ab80-4728-b76f-5a539d474424";2025-04-28T15:04:49+02:00;"view";"View case";"Bence Boros mr. Context"
"13a3889f-ab80-4728-b76f-5a539d474424";2025-04-28T15:04:43+02:00;"create";"Create case";"Bence Boros mr. Context"
"13a3889f-ab80-4728-b76f-5a539d474424";2025-04-28T15:04:43+02:00;"update";"Link transactions";"Bence Boros mr. Context"
"13a3889f-ab80-4728-b76f-5a539d474424";2025-04-28T15:04:43+02:00;"update";"Link alerts";"Bence Boros mr. Context"
