"case_id";"date";"action";"description";"user"
"c466d607-d735-42a5-a080-65623e6af062";2025-03-06T14:00:52+01:00;"view";"View case";" Anna Krisztina Németh"
"c466d607-d735-42a5-a080-65623e6af062";2025-03-06T14:00:07+01:00;"view";"View case";" Anna Krisztina Németh"
"c466d607-d735-42a5-a080-65623e6af062";2025-03-06T13:43:50+01:00;"view";"View case";" Anna Krisztina Németh"
"c466d607-d735-42a5-a080-65623e6af062";2025-03-06T13:39:16+01:00;"view";"View case";" Anna Krisztina Németh"
"c466d607-d735-42a5-a080-65623e6af062";2025-03-06T13:35:59+01:00;"view";"View case";" Anna Krisztina Németh"
"c466d607-d735-42a5-a080-65623e6af062";2025-03-06T13:34:30+01:00;"view";"View case";" Anna Krisztina Németh"
"c466d607-d735-42a5-a080-65623e6af062";2025-03-06T13:34:26+01:00;"view";"View case";" Anna Krisztina Németh"
"c466d607-d735-42a5-a080-65623e6af062";2025-03-06T13:34:00+01:00;"view";"View case";" Anna Krisztina Németh"
"c466d607-d735-42a5-a080-65623e6af062";2025-03-06T13:33:45+01:00;"view";"View case";" Anna Krisztina Németh"
"c466d607-d735-42a5-a080-65623e6af062";2025-03-06T13:32:25+01:00;"view";"View case";" Anna Krisztina Németh"
"c466d607-d735-42a5-a080-65623e6af062";2025-03-06T13:27:21+01:00;"view";"View case";" Anna Krisztina Németh"
"c466d607-d735-42a5-a080-65623e6af062";2025-03-06T13:24:07+01:00;"view";"View case";" Anna Krisztina Németh"
"c466d607-d735-42a5-a080-65623e6af062";2025-03-06T11:11:10+01:00;"view";"View case";" Anna Krisztina Németh"
"c466d607-d735-42a5-a080-65623e6af062";2025-03-06T10:31:39+01:00;"view";"View case";" Anna Krisztina Németh"
"c466d607-d735-42a5-a080-65623e6af062";2025-03-06T10:27:58+01:00;"view";"View case";" Anna Krisztina Németh"
"c466d607-d735-42a5-a080-65623e6af062";2025-03-06T10:27:33+01:00;"view";"View case";" Anna Krisztina Németh"
"c466d607-d735-42a5-a080-65623e6af062";2025-03-06T10:27:17+01:00;"view";"View case";" Anna Krisztina Németh"
"c466d607-d735-42a5-a080-65623e6af062";2025-03-06T10:23:26+01:00;"view";"View case";" Anna Krisztina Németh"
"c466d607-d735-42a5-a080-65623e6af062";2025-03-06T10:17:30+01:00;"view";"View case";" Anna Krisztina Németh"
"c466d607-d735-42a5-a080-65623e6af062";2025-03-06T10:15:57+01:00;"view";"View case";" Anna Krisztina Németh"
"c466d607-d735-42a5-a080-65623e6af062";2025-03-06T10:03:50+01:00;"view";"View case";" Anna Krisztina Németh"
