"case_id";"date";"action";"description";"user"
"2da5fd42-5d37-4909-ad69-dd901f7be25f";2025-06-03T13:44:49+02:00;"view";"View case";"Bence Boros mr. Context"
"2da5fd42-5d37-4909-ad69-dd901f7be25f";2025-05-30T16:33:51+02:00;"view";"View case";"Zsofia Abraham"
"2da5fd42-5d37-4909-ad69-dd901f7be25f";2025-05-22T10:05:26+02:00;"view";"View case";" Anna Krisztina Németh"
"2da5fd42-5d37-4909-ad69-dd901f7be25f";2025-05-22T09:42:18+02:00;"view";"View case";" Anna Krisztina Németh"
"2da5fd42-5d37-4909-ad69-dd901f7be25f";2025-05-22T09:41:58+02:00;"create";"Create case";" Anna Krisztina Németh"
"2da5fd42-5d37-4909-ad69-dd901f7be25f";2025-05-22T09:41:58+02:00;"update";"Link transactions";" Anna Krisztina Németh"
"2da5fd42-5d37-4909-ad69-dd901f7be25f";2025-05-22T09:41:58+02:00;"update";"Link alerts";" Anna Krisztina Németh"
