"case_id";"date";"action";"description";"user"
"0dea24e7-7d54-4075-9958-44652750c8bb";2025-06-03T13:45:46+02:00;"view";"View case";"Bence Boros mr. Context"
"0dea24e7-7d54-4075-9958-44652750c8bb";2025-04-04T11:27:57+02:00;"view";"View case";"Peter Dobosi c3"
"0dea24e7-7d54-4075-9958-44652750c8bb";2025-04-04T11:26:30+02:00;"view";"View case";"Peter Dobosi c3"
"0dea24e7-7d54-4075-9958-44652750c8bb";2025-04-04T11:24:37+02:00;"view";"View case";"Peter Dobosi c3"
"0dea24e7-7d54-4075-9958-44652750c8bb";2025-03-28T16:09:59+01:00;"view";"View case";"Peter Dobosi c3"
"0dea24e7-7d54-4075-9958-44652750c8bb";2025-03-28T16:09:44+01:00;"view";"View case";"Peter Dobosi c3"
"0dea24e7-7d54-4075-9958-44652750c8bb";2025-03-07T15:52:54+01:00;"view";"View case";"Akos Sereg"
"0dea24e7-7d54-4075-9958-44652750c8bb";2025-03-07T15:52:52+01:00;"view";"View case";"Akos Sereg"
"0dea24e7-7d54-4075-9958-44652750c8bb";2025-03-07T15:48:56+01:00;"view";"View case";"Akos Sereg"
"0dea24e7-7d54-4075-9958-44652750c8bb";2025-03-07T15:03:16+01:00;"view";"View case";"Akos Sereg"
"0dea24e7-7d54-4075-9958-44652750c8bb";2025-03-07T15:00:55+01:00;"view";"View case";"Akos Sereg"
"0dea24e7-7d54-4075-9958-44652750c8bb";2025-03-07T15:00:36+01:00;"view";"View case";"Akos Sereg"
"0dea24e7-7d54-4075-9958-44652750c8bb";2025-03-07T15:00:03+01:00;"view";"View case";"Akos Sereg"
"0dea24e7-7d54-4075-9958-44652750c8bb";2025-03-07T14:59:04+01:00;"view";"View case";"Akos Sereg"
"0dea24e7-7d54-4075-9958-44652750c8bb";2025-03-07T14:57:58+01:00;"view";"View case";"Akos Sereg"
"0dea24e7-7d54-4075-9958-44652750c8bb";2025-03-07T14:57:52+01:00;"view";"View case";"Akos Sereg"
"0dea24e7-7d54-4075-9958-44652750c8bb";2025-03-07T11:35:46+01:00;"view";"View case";"Zsofia Abraham"
"0dea24e7-7d54-4075-9958-44652750c8bb";2025-03-07T11:35:44+01:00;"create";"Create case";"Zsofia Abraham"
"0dea24e7-7d54-4075-9958-44652750c8bb";2025-03-07T11:35:44+01:00;"update";"Link transactions";"Zsofia Abraham"
