"case_id";"date";"action";"description";"user"
"eef255c9-4c4c-48cf-9e67-f4d2a866c1bd";2025-05-21T14:47:48+02:00;"view";"View case";" Anna Krisztina Németh"
"eef255c9-4c4c-48cf-9e67-f4d2a866c1bd";2025-05-21T14:47:44+02:00;"create";"Create case";" Anna Krisztina Németh"
"eef255c9-4c4c-48cf-9e67-f4d2a866c1bd";2025-05-21T14:47:44+02:00;"update";"Link transactions";" Anna Krisztina Németh"
"eef255c9-4c4c-48cf-9e67-f4d2a866c1bd";2025-05-21T14:47:44+02:00;"update";"Link alerts";" Anna Krisztina Németh"
