"case_id";"date";"action";"description";"user"
"17f5ff22-7a94-48ba-8c00-70a8eb844c43";2025-03-11T10:44:42+01:00;"view";"View case";"Edmond Szabo"
"17f5ff22-7a94-48ba-8c00-70a8eb844c43";2025-03-11T10:44:37+01:00;"view";"View case";"Edmond Szabo"
"17f5ff22-7a94-48ba-8c00-70a8eb844c43";2025-03-11T10:44:36+01:00;"view";"View case";"Edmond Szabo"
"17f5ff22-7a94-48ba-8c00-70a8eb844c43";2025-03-05T14:55:03+01:00;"view";"View case";" Anna Krisztina Németh"
"17f5ff22-7a94-48ba-8c00-70a8eb844c43";2025-03-05T14:55:00+01:00;"view";"View case";" Anna Krisztina Németh"
"17f5ff22-7a94-48ba-8c00-70a8eb844c43";2025-03-05T10:11:23+01:00;"view";"View case";" Anna Krisztina Németh"
"17f5ff22-7a94-48ba-8c00-70a8eb844c43";2025-03-05T10:10:57+01:00;"view";"View case";" Anna Krisztina Németh"
"17f5ff22-7a94-48ba-8c00-70a8eb844c43";2025-03-05T09:48:25+01:00;"view";"View case";" Anna Krisztina Németh"
"17f5ff22-7a94-48ba-8c00-70a8eb844c43";2025-03-05T09:40:09+01:00;"view";"View case";" Anna Krisztina Németh"
"17f5ff22-7a94-48ba-8c00-70a8eb844c43";2025-03-05T09:39:30+01:00;"view";"View case";" Anna Krisztina Németh"
"17f5ff22-7a94-48ba-8c00-70a8eb844c43";2025-03-05T09:36:41+01:00;"view";"View case";" Anna Krisztina Németh"
"17f5ff22-7a94-48ba-8c00-70a8eb844c43";2025-03-03T11:23:55+01:00;"view";"View case";"Dénes Lehoczky"
"17f5ff22-7a94-48ba-8c00-70a8eb844c43";2025-03-03T11:23:53+01:00;"view";"View case";"Dénes Lehoczky"
"17f5ff22-7a94-48ba-8c00-70a8eb844c43";2025-02-28T14:28:35+01:00;"delete";"Delete Report";"Dénes Lehoczky"
"17f5ff22-7a94-48ba-8c00-70a8eb844c43";2025-02-28T14:28:14+01:00;"view";"View case";"Dénes Lehoczky"
"17f5ff22-7a94-48ba-8c00-70a8eb844c43";2025-02-28T14:28:12+01:00;"view";"View case";"Dénes Lehoczky"
"17f5ff22-7a94-48ba-8c00-70a8eb844c43";2025-02-27T14:38:59+01:00;"view";"View case";"Akos Sereg"
"17f5ff22-7a94-48ba-8c00-70a8eb844c43";2025-02-27T14:38:44+01:00;"view";"View case";"Akos Sereg"
"17f5ff22-7a94-48ba-8c00-70a8eb844c43";2025-02-26T08:44:18+01:00;"view";"View case";"Akos Sereg"
"17f5ff22-7a94-48ba-8c00-70a8eb844c43";2025-02-26T08:44:17+01:00;"view";"View case";"Akos Sereg"
"17f5ff22-7a94-48ba-8c00-70a8eb844c43";2025-02-26T08:40:37+01:00;"view";"View case";"Akos Sereg"
"17f5ff22-7a94-48ba-8c00-70a8eb844c43";2025-02-26T08:40:36+01:00;"view";"View case";"Akos Sereg"
"17f5ff22-7a94-48ba-8c00-70a8eb844c43";2025-02-25T15:40:57+01:00;"view";"View case";"Akos Sereg"
"17f5ff22-7a94-48ba-8c00-70a8eb844c43";2025-02-25T15:40:55+01:00;"view";"View case";"Akos Sereg"
"17f5ff22-7a94-48ba-8c00-70a8eb844c43";2025-02-20T13:26:27+01:00;"view";"View case";"Akos Sereg"
"17f5ff22-7a94-48ba-8c00-70a8eb844c43";2025-02-20T13:26:25+01:00;"view";"View case";"Akos Sereg"
"17f5ff22-7a94-48ba-8c00-70a8eb844c43";2025-02-19T15:43:08+01:00;"view";"View case";" Anna Krisztina Németh"
"17f5ff22-7a94-48ba-8c00-70a8eb844c43";2025-02-19T15:34:02+01:00;"view";"View case";" Anna Krisztina Németh"
"17f5ff22-7a94-48ba-8c00-70a8eb844c43";2025-02-19T15:33:47+01:00;"view";"View case";" Anna Krisztina Németh"
"17f5ff22-7a94-48ba-8c00-70a8eb844c43";2025-02-19T15:13:18+01:00;"view";"View case";" Anna Krisztina Németh"
"17f5ff22-7a94-48ba-8c00-70a8eb844c43";2025-02-19T15:07:37+01:00;"view";"View case";" Anna Krisztina Németh"
"17f5ff22-7a94-48ba-8c00-70a8eb844c43";2025-02-18T08:00:26+01:00;"view";"View case";"Akos Sereg"
"17f5ff22-7a94-48ba-8c00-70a8eb844c43";2025-02-17T16:39:48+01:00;"view";"View case";"Akos Sereg"
"17f5ff22-7a94-48ba-8c00-70a8eb844c43";2025-02-17T16:39:41+01:00;"view";"View case";"Akos Sereg"
"17f5ff22-7a94-48ba-8c00-70a8eb844c43";2025-02-17T16:39:10+01:00;"view";"View case";"Akos Sereg"
"17f5ff22-7a94-48ba-8c00-70a8eb844c43";2025-02-17T16:05:33+01:00;"view";"View case";"Peter Dobosi c3"
"17f5ff22-7a94-48ba-8c00-70a8eb844c43";2025-02-17T15:39:36+01:00;"view";"View case";"Zsofia Abraham"
"17f5ff22-7a94-48ba-8c00-70a8eb844c43";2025-02-17T15:15:05+01:00;"view";"View case";"Akos Gyure"
"17f5ff22-7a94-48ba-8c00-70a8eb844c43";2025-02-17T14:46:38+01:00;"view";"View case";"Akos Sereg"
"17f5ff22-7a94-48ba-8c00-70a8eb844c43";2025-02-17T14:45:55+01:00;"view";"View case";"Akos Sereg"
"17f5ff22-7a94-48ba-8c00-70a8eb844c43";2025-02-17T14:45:50+01:00;"view";"View case";"Akos Sereg"
"17f5ff22-7a94-48ba-8c00-70a8eb844c43";2025-02-17T14:45:49+01:00;"view";"View case";"Akos Sereg"
"17f5ff22-7a94-48ba-8c00-70a8eb844c43";2025-02-17T14:45:48+01:00;"update";"Unlink transactions";"Akos Sereg"
"17f5ff22-7a94-48ba-8c00-70a8eb844c43";2025-02-17T14:45:35+01:00;"view";"View case";"Akos Sereg"
"17f5ff22-7a94-48ba-8c00-70a8eb844c43";2025-02-17T14:26:09+01:00;"view";"View case";"Akos Sereg"
"17f5ff22-7a94-48ba-8c00-70a8eb844c43";2025-02-17T14:26:02+01:00;"update";"Link transactions";"Akos Sereg"
"17f5ff22-7a94-48ba-8c00-70a8eb844c43";2025-02-17T14:25:58+01:00;"view";"View case";"Akos Sereg"
"17f5ff22-7a94-48ba-8c00-70a8eb844c43";2025-02-17T14:25:21+01:00;"view";"View case";"Akos Sereg"
"17f5ff22-7a94-48ba-8c00-70a8eb844c43";2025-02-15T10:18:50+01:00;"view";"View case";"Peter Dobosi c3"
"17f5ff22-7a94-48ba-8c00-70a8eb844c43";2025-02-14T12:54:10+01:00;"view";"View case";"Zsofia Abraham"
"17f5ff22-7a94-48ba-8c00-70a8eb844c43";2025-02-14T12:53:10+01:00;"view";"View case";"Zsofia Abraham"
"17f5ff22-7a94-48ba-8c00-70a8eb844c43";2025-02-14T12:53:09+01:00;"update";"Update case status";"Zsofia Abraham"
"17f5ff22-7a94-48ba-8c00-70a8eb844c43";2025-02-14T12:53:04+01:00;"view";"View case";"Zsofia Abraham"
"17f5ff22-7a94-48ba-8c00-70a8eb844c43";2025-02-14T12:53:00+01:00;"view";"View case";"Zsofia Abraham"
"17f5ff22-7a94-48ba-8c00-70a8eb844c43";2025-02-14T12:51:59+01:00;"view";"View case";"Zsofia Abraham"
"17f5ff22-7a94-48ba-8c00-70a8eb844c43";2025-02-14T12:51:58+01:00;"update";"Update case status";"Zsofia Abraham"
"17f5ff22-7a94-48ba-8c00-70a8eb844c43";2025-02-14T12:51:56+01:00;"view";"View case";"Zsofia Abraham"
"17f5ff22-7a94-48ba-8c00-70a8eb844c43";2025-02-14T12:51:55+01:00;"update";"Update case status";"Zsofia Abraham"
"17f5ff22-7a94-48ba-8c00-70a8eb844c43";2025-02-14T12:51:52+01:00;"view";"View case";"Zsofia Abraham"
"17f5ff22-7a94-48ba-8c00-70a8eb844c43";2025-02-14T12:51:52+01:00;"update";"Update case status";"Zsofia Abraham"
"17f5ff22-7a94-48ba-8c00-70a8eb844c43";2025-02-14T12:51:46+01:00;"view";"View case";"Zsofia Abraham"
"17f5ff22-7a94-48ba-8c00-70a8eb844c43";2025-02-14T12:51:46+01:00;"update";"Update case status";"Zsofia Abraham"
"17f5ff22-7a94-48ba-8c00-70a8eb844c43";2025-02-14T12:51:42+01:00;"view";"View case";"Zsofia Abraham"
"17f5ff22-7a94-48ba-8c00-70a8eb844c43";2025-02-14T12:51:32+01:00;"update";"Update case assignee";"Zsofia Abraham"
"17f5ff22-7a94-48ba-8c00-70a8eb844c43";2025-02-14T12:38:15+01:00;"view";"View case";"Zsofia Abraham"
"17f5ff22-7a94-48ba-8c00-70a8eb844c43";2025-02-14T12:38:14+01:00;"view";"View case";"Zsofia Abraham"
"17f5ff22-7a94-48ba-8c00-70a8eb844c43";2025-02-13T10:54:00+01:00;"view";"View case";"Akos Gyure"
"17f5ff22-7a94-48ba-8c00-70a8eb844c43";2025-02-13T10:52:19+01:00;"view";"View case";"Akos Gyure"
"17f5ff22-7a94-48ba-8c00-70a8eb844c43";2025-02-13T10:52:17+01:00;"view";"View case";"Akos Gyure"
"17f5ff22-7a94-48ba-8c00-70a8eb844c43";2025-02-13T09:36:43+01:00;"view";"View case";"Akos Gyure"
"17f5ff22-7a94-48ba-8c00-70a8eb844c43";2025-02-10T09:02:13+01:00;"view";"View case";"Bence Boros mr. Context"
"17f5ff22-7a94-48ba-8c00-70a8eb844c43";2025-02-07T12:54:17+01:00;"view";"View case";"Zsofia Abraham"
"17f5ff22-7a94-48ba-8c00-70a8eb844c43";2025-02-07T11:00:19+01:00;"view";"View case";"Dénes Lehoczky"
"17f5ff22-7a94-48ba-8c00-70a8eb844c43";2025-02-07T10:58:32+01:00;"checklist";"Checked Assess the customer's transaction history and profile.";"Bence Boros mr. Context"
"17f5ff22-7a94-48ba-8c00-70a8eb844c43";2025-02-07T10:56:32+01:00;"view";"View case";"Bence Boros mr. Context"
"17f5ff22-7a94-48ba-8c00-70a8eb844c43";2025-02-07T10:41:10+01:00;"view";"View case";"Dénes Lehoczky"
"17f5ff22-7a94-48ba-8c00-70a8eb844c43";2025-02-07T10:38:42+01:00;"view";"View case";"Dénes Lehoczky"
"17f5ff22-7a94-48ba-8c00-70a8eb844c43";2025-02-07T10:38:37+01:00;"update";"Link transactions";"Dénes Lehoczky"
"17f5ff22-7a94-48ba-8c00-70a8eb844c43";2025-02-07T10:38:21+01:00;"update";"Link transactions";"Dénes Lehoczky"
"17f5ff22-7a94-48ba-8c00-70a8eb844c43";2025-02-07T10:37:58+01:00;"view";"View case";"Dénes Lehoczky"
"17f5ff22-7a94-48ba-8c00-70a8eb844c43";2025-02-07T10:37:57+01:00;"create";"Create case";"Dénes Lehoczky"
"17f5ff22-7a94-48ba-8c00-70a8eb844c43";2025-02-07T10:37:57+01:00;"update";"Link transactions";"Dénes Lehoczky"
