"case_id";"date";"action";"description";"user"
"e8b40591-7c3a-4098-b017-89a5cc3dfb30";2025-06-17T10:43:33+02:00;"view";"View case";"Balázs Hamornik"
"e8b40591-7c3a-4098-b017-89a5cc3dfb30";2025-06-17T10:43:32+02:00;"view";"View case";"Balázs Hamornik"
"e8b40591-7c3a-4098-b017-89a5cc3dfb30";2025-06-17T10:43:31+02:00;"view";"View case";"Balázs Hamornik"
"e8b40591-7c3a-4098-b017-89a5cc3dfb30";2025-06-17T10:43:29+02:00;"view";"View case";"Balázs Hamornik"
"e8b40591-7c3a-4098-b017-89a5cc3dfb30";2025-06-17T10:43:27+02:00;"view";"View case";"Balázs Hamornik"
"e8b40591-7c3a-4098-b017-89a5cc3dfb30";2025-05-23T12:00:52+02:00;"view";"View case";" Anna Krisztina Németh"
"e8b40591-7c3a-4098-b017-89a5cc3dfb30";2025-05-23T12:00:42+02:00;"view";"View case";" Anna Krisztina Németh"
"e8b40591-7c3a-4098-b017-89a5cc3dfb30";2025-05-23T10:25:58+02:00;"view";"View case";" Anna Krisztina Németh"
"e8b40591-7c3a-4098-b017-89a5cc3dfb30";2025-05-23T10:11:13+02:00;"view";"View case";" Anna Krisztina Németh"
"e8b40591-7c3a-4098-b017-89a5cc3dfb30";2025-05-23T10:05:11+02:00;"view";"View case";" Anna Krisztina Németh"
"e8b40591-7c3a-4098-b017-89a5cc3dfb30";2025-05-23T10:05:09+02:00;"update";"Update case assignee";" Anna Krisztina Németh"
"e8b40591-7c3a-4098-b017-89a5cc3dfb30";2025-05-23T10:04:46+02:00;"view";"View case";" Anna Krisztina Németh"
"e8b40591-7c3a-4098-b017-89a5cc3dfb30";2025-05-23T10:04:29+02:00;"view";"View case";" Anna Krisztina Németh"
"e8b40591-7c3a-4098-b017-89a5cc3dfb30";2025-05-23T10:04:26+02:00;"create";"Create case";" Anna Krisztina Németh"
