"case_id";"date";"action";"description";"user"
"b5cdb95b-56f6-4f4e-b9df-4e00aea9f6aa";2025-04-02T13:52:07+02:00;"view";"View case";"Edmond Szabo"
"b5cdb95b-56f6-4f4e-b9df-4e00aea9f6aa";2025-04-02T13:52:03+02:00;"view";"View case";"Edmond Szabo"
"b5cdb95b-56f6-4f4e-b9df-4e00aea9f6aa";2025-04-02T13:52:01+02:00;"view";"View case";"Edmond Szabo"
"b5cdb95b-56f6-4f4e-b9df-4e00aea9f6aa";2025-04-02T13:51:37+02:00;"view";"View case";"Edmond Szabo"
"b5cdb95b-56f6-4f4e-b9df-4e00aea9f6aa";2025-04-02T13:51:23+02:00;"view";"View case";"Edmond Szabo"
"b5cdb95b-56f6-4f4e-b9df-4e00aea9f6aa";2025-04-02T12:47:29+02:00;"view";"View case";"Zsofia Abraham"
"b5cdb95b-56f6-4f4e-b9df-4e00aea9f6aa";2025-04-02T12:47:24+02:00;"view";"View case";"Zsofia Abraham"
"b5cdb95b-56f6-4f4e-b9df-4e00aea9f6aa";2025-04-02T12:19:06+02:00;"view";"View case";"Zsofia Abraham"
"b5cdb95b-56f6-4f4e-b9df-4e00aea9f6aa";2025-04-02T12:18:17+02:00;"view";"View case";"Zsofia Abraham"
"b5cdb95b-56f6-4f4e-b9df-4e00aea9f6aa";2025-04-02T11:46:04+02:00;"view";"View case";"Zsofia Abraham"
"b5cdb95b-56f6-4f4e-b9df-4e00aea9f6aa";2025-04-02T11:46:04+02:00;"view";"View case";"Zsofia Abraham"
"b5cdb95b-56f6-4f4e-b9df-4e00aea9f6aa";2025-04-02T11:45:45+02:00;"view";"View case";"Zsofia Abraham"
"b5cdb95b-56f6-4f4e-b9df-4e00aea9f6aa";2025-04-02T11:45:42+02:00;"view";"View case";"Zsofia Abraham"
"b5cdb95b-56f6-4f4e-b9df-4e00aea9f6aa";2025-04-02T11:34:13+02:00;"view";"View case";"Zsofia Abraham"
"b5cdb95b-56f6-4f4e-b9df-4e00aea9f6aa";2025-04-02T11:32:34+02:00;"view";"View case";"Zsofia Abraham"
"b5cdb95b-56f6-4f4e-b9df-4e00aea9f6aa";2025-04-02T11:32:32+02:00;"view";"View case";"Zsofia Abraham"
"b5cdb95b-56f6-4f4e-b9df-4e00aea9f6aa";2025-04-02T11:21:47+02:00;"view";"View case";"Zsofia Abraham"
"b5cdb95b-56f6-4f4e-b9df-4e00aea9f6aa";2025-04-02T11:21:33+02:00;"view";"View case";"Zsofia Abraham"
"b5cdb95b-56f6-4f4e-b9df-4e00aea9f6aa";2025-03-27T16:16:31+01:00;"view";"View case";"Bence Boros mr. Context"
"b5cdb95b-56f6-4f4e-b9df-4e00aea9f6aa";2025-03-27T15:40:22+01:00;"view";"View case";"Daniel Szenasi"
"b5cdb95b-56f6-4f4e-b9df-4e00aea9f6aa";2025-03-24T11:26:02+01:00;"view";"View case";" Anna Krisztina Németh"
"b5cdb95b-56f6-4f4e-b9df-4e00aea9f6aa";2025-03-20T09:35:49+01:00;"view";"View case";"Akos Sereg"
"b5cdb95b-56f6-4f4e-b9df-4e00aea9f6aa";2025-03-19T08:59:10+01:00;"view";"View case";"Daniel Szenasi"
"b5cdb95b-56f6-4f4e-b9df-4e00aea9f6aa";2025-03-14T10:57:05+01:00;"view";"View case";"Zsofia Abraham"
"b5cdb95b-56f6-4f4e-b9df-4e00aea9f6aa";2025-03-14T10:57:02+01:00;"view";"View case";"Zsofia Abraham"
"b5cdb95b-56f6-4f4e-b9df-4e00aea9f6aa";2025-03-14T09:38:33+01:00;"view";"View case";"Daniel Szenasi"
"b5cdb95b-56f6-4f4e-b9df-4e00aea9f6aa";2025-03-12T09:25:04+01:00;"view";"View case";"Daniel Szenasi"
"b5cdb95b-56f6-4f4e-b9df-4e00aea9f6aa";2025-03-12T07:43:23+01:00;"view";"View case";"Daniel Szenasi"
"b5cdb95b-56f6-4f4e-b9df-4e00aea9f6aa";2025-03-11T09:20:11+01:00;"view";"View case";"Daniel Szenasi"
"b5cdb95b-56f6-4f4e-b9df-4e00aea9f6aa";2025-03-10T16:02:17+01:00;"view";"View case";"Daniel Szenasi"
"b5cdb95b-56f6-4f4e-b9df-4e00aea9f6aa";2025-03-10T16:02:16+01:00;"view";"View case";"Daniel Szenasi"
"b5cdb95b-56f6-4f4e-b9df-4e00aea9f6aa";2025-03-10T14:33:28+01:00;"view";"View case";"Zsofia Abraham"
"b5cdb95b-56f6-4f4e-b9df-4e00aea9f6aa";2025-03-10T10:43:06+01:00;"view";"View case";"Akos Sereg"
"b5cdb95b-56f6-4f4e-b9df-4e00aea9f6aa";2025-03-10T09:00:49+01:00;"view";"View case";"Zsofia Abraham"
"b5cdb95b-56f6-4f4e-b9df-4e00aea9f6aa";2025-03-10T09:00:48+01:00;"create";"Create case";"Zsofia Abraham"
