"case_id";"date";"action";"description";"user"
"f837f9e1-1da4-4cf5-adad-50a2da8da3e7";2025-04-28T16:13:38+02:00;"view";"View case";"Zsofia Abraham"
"f837f9e1-1da4-4cf5-adad-50a2da8da3e7";2025-04-28T14:52:19+02:00;"view";"View case";"Zsofia Abraham"
"f837f9e1-1da4-4cf5-adad-50a2da8da3e7";2025-04-28T14:52:18+02:00;"create";"Create case";"Zsofia Abraham"
"f837f9e1-1da4-4cf5-adad-50a2da8da3e7";2025-04-28T14:52:18+02:00;"update";"Link transactions";"Zsofia Abraham"
"f837f9e1-1da4-4cf5-adad-50a2da8da3e7";2025-04-28T14:52:18+02:00;"update";"Link alerts";"Zsofia Abraham"
