"case_id";"date";"action";"description";"user"
"8e810e9d-1ca8-4513-a379-60feb5a3e28a";2025-06-03T13:45:04+02:00;"view";"View case";"Bence Boros mr. Context"
"8e810e9d-1ca8-4513-a379-60feb5a3e28a";2025-04-29T16:00:07+02:00;"view";"View case";"Zsofia Abraham"
"8e810e9d-1ca8-4513-a379-60feb5a3e28a";2025-04-28T16:11:35+02:00;"view";"View case";"Zsofia Abraham"
"8e810e9d-1ca8-4513-a379-60feb5a3e28a";2025-04-28T15:15:47+02:00;"view";"View case";"Zsofia Abraham"
"8e810e9d-1ca8-4513-a379-60feb5a3e28a";2025-04-28T15:00:50+02:00;"view";"View case";"Zsofia Abraham"
"8e810e9d-1ca8-4513-a379-60feb5a3e28a";2025-04-28T14:35:50+02:00;"view";"View case";"Zsofia Abraham"
"8e810e9d-1ca8-4513-a379-60feb5a3e28a";2025-04-28T14:34:57+02:00;"view";"View case";"Zsofia Abraham"
"8e810e9d-1ca8-4513-a379-60feb5a3e28a";2025-04-28T14:34:56+02:00;"create";"Create case";"Zsofia Abraham"
"8e810e9d-1ca8-4513-a379-60feb5a3e28a";2025-04-28T14:34:56+02:00;"update";"Link transactions";"Zsofia Abraham"
"8e810e9d-1ca8-4513-a379-60feb5a3e28a";2025-04-28T14:34:56+02:00;"update";"Link alerts";"Zsofia Abraham"
