"case_id";"date";"action";"description";"user"
"4d615472-694f-4a93-9191-51bc6bab1ab5";2025-04-28T14:29:30+02:00;"view";"View case";"Zsofia Abraham"
"4d615472-694f-4a93-9191-51bc6bab1ab5";2025-04-28T14:17:54+02:00;"view";"View case";"Zsofia Abraham"
"4d615472-694f-4a93-9191-51bc6bab1ab5";2025-04-28T14:17:17+02:00;"view";"View case";"Zsofia Abraham"
"4d615472-694f-4a93-9191-51bc6bab1ab5";2025-04-28T14:17:16+02:00;"create";"Create case";"Zsofia Abraham"
"4d615472-694f-4a93-9191-51bc6bab1ab5";2025-04-28T14:17:16+02:00;"update";"Link transactions";"Zsofia Abraham"
"4d615472-694f-4a93-9191-51bc6bab1ab5";2025-04-28T14:17:16+02:00;"update";"Link alerts";"Zsofia Abraham"
