"case_id";"date";"action";"description";"user"
"dcca6ff5-d493-48eb-be50-4e62e2d1be71";2025-03-10T15:38:01+01:00;"view";"View case";"Daniel Szenasi"
"dcca6ff5-d493-48eb-be50-4e62e2d1be71";2025-03-10T15:17:19+01:00;"view";"View case";"Daniel Szenasi"
"dcca6ff5-d493-48eb-be50-4e62e2d1be71";2025-03-10T15:02:26+01:00;"view";"View case";"Daniel Szenasi"
"dcca6ff5-d493-48eb-be50-4e62e2d1be71";2025-03-10T14:23:51+01:00;"view";"View case";"Daniel Szenasi"
"dcca6ff5-d493-48eb-be50-4e62e2d1be71";2025-03-10T13:42:31+01:00;"view";"View case";"Daniel Szenasi"
"dcca6ff5-d493-48eb-be50-4e62e2d1be71";2025-03-10T11:47:51+01:00;"view";"View case";"Daniel Szenasi"
"dcca6ff5-d493-48eb-be50-4e62e2d1be71";2025-03-10T10:44:40+01:00;"view";"View case";"Daniel Szenasi"
"dcca6ff5-d493-48eb-be50-4e62e2d1be71";2025-03-10T10:44:31+01:00;"view";"View case";"Daniel Szenasi"
"dcca6ff5-d493-48eb-be50-4e62e2d1be71";2025-03-10T07:36:48+01:00;"view";"View case";"Daniel Szenasi"
"dcca6ff5-d493-48eb-be50-4e62e2d1be71";2025-03-10T07:33:43+01:00;"view";"View case";"Daniel Szenasi"
"dcca6ff5-d493-48eb-be50-4e62e2d1be71";2025-03-10T07:23:55+01:00;"view";"View case";"Daniel Szenasi"
"dcca6ff5-d493-48eb-be50-4e62e2d1be71";2025-03-10T06:39:52+01:00;"view";"View case";"Daniel Szenasi"
"dcca6ff5-d493-48eb-be50-4e62e2d1be71";2025-03-10T06:39:45+01:00;"create";"Create case";"Daniel Szenasi"
